Founder Name,Title,Company Name,Company Website,Location (City Country),Total Funding Raised,Revenue (if known),Sector,LinkedIn URL,Email,Notable Investors,Why Invite
Sam Altman,CEO & Co-founder,OpenAI,https://openai.com,"San Francisco, US",$13B+,$3.4B+ ARR (2024),Generative AI / Foundation Models,https://linkedin.com/in/samaltman,,Microsoft; Khosla Ventures; Thrive Capital,Leads the most influential AI company in the world; essential voice on frontier AI capabilities and policy
Dario Amodei,CEO & Co-founder,Anthropic,https://anthropic.com,"San Francisco, US",$7.6B+,$900M+ ARR (2024),Generative AI / Foundation Models,https://linkedin.com/in/dario-amodei,,Google; Spark Capital; Salesforce Ventures,Former VP of Research at OpenAI; building Claude with a safety-first approach; top-tier AI thought leader
Daniela Amodei,President & Co-founder,Anthropic,https://anthropic.com,"San Francisco, US",$7.6B+,,Generative AI / Foundation Models,https://linkedin.com/in/daniela-amodei,,Google; Spark Capital; Salesforce Ventures,Co-leads Anthropic's business strategy; rare female co-founder at the frontier AI level
Aidan Gomez,CEO & Co-founder,Cohere,https://cohere.com,"Toronto, Canada",$970M+,,Generative AI / Foundation Models,https://linkedin.com/in/aidangomez,,Nvidia; Oracle; Salesforce Ventures,Co-author of the Transformer paper; building enterprise-focused LLMs from Canada
Ivan Zhang,CEO & Co-founder,Cohere,https://cohere.com,"Toronto, Canada",$970M+,,Generative AI / Foundation Models,https://linkedin.com/in/ivanzhang,,Nvidia; Oracle; Salesforce Ventures,Co-founder of Cohere; advancing enterprise AI from Toronto's thriving AI ecosystem
Ori Goshen,Co-CEO & Co-founder,AI21 Labs,https://ai21.com,"Tel Aviv / New York, US",$336M+,,Generative AI / Foundation Models,https://linkedin.com/in/ori-goshen,,Walden Catalyst; Intel Capital; Google,Co-leads AI21 Labs building Jamba foundation models; strong enterprise LLM play
Yoav Shoham,Co-founder,AI21 Labs,https://ai21.com,"Tel Aviv / New York, US",$336M+,,Generative AI / Foundation Models,https://linkedin.com/in/yoavshoham,,Walden Catalyst; Intel Capital; Google,Stanford AI professor turned founder; bridges academia and commercial AI
Arthur Mensch,CEO & Co-founder,Mistral AI,https://mistral.ai,"Paris / London, UK",$1.1B+,,Generative AI / Foundation Models,https://linkedin.com/in/arthur-mensch,,Andreessen Horowitz; Lightspeed; General Catalyst,Ex-DeepMind researcher leading Europe's top AI lab; strong open-source AI advocate
Noam Shazeer,CEO & Co-founder,Character.AI,https://character.ai,"Palo Alto, US",$193M+,,AI + Consumer,https://linkedin.com/in/noam-shazeer,,Andreessen Horowitz; SV Angel,Co-inventor of the Transformer architecture; now building conversational AI consumer products
Ali Ghodsi,CEO & Co-founder,Databricks,https://databricks.com,"San Francisco, US",$4.6B+,$2.4B+ ARR (2024),AI Infrastructure,https://linkedin.com/in/alighodsi,,Andreessen Horowitz; T. Rowe Price; Franklin Templeton,Runs the leading data + AI platform valued at $62B; massive enterprise influence
Alexandr Wang,CEO & Founder,Scale AI,https://scale.ai,"San Francisco, US",$1.6B+,$750M+ ARR,AI Infrastructure,https://linkedin.com/in/alexandrwang,,Accel; Tiger Global; Founders Fund,"Youngest self-made billionaire; Scale AI powers data for OpenAI, Meta, and the US military"
Lukas Biewald,CEO & Co-founder,Weights & Biases,https://wandb.ai,"San Francisco, US",$250M+,,AI Infrastructure,https://linkedin.com/in/lukasbiewald,,Insight Partners; NVIDIA; Tiger Global,MLOps leader used by top AI labs worldwide; key infrastructure for model development
Clement Delangue,CEO & Co-founder,Hugging Face,https://huggingface.co,"New York, US",$395M+,,AI Infrastructure,https://linkedin.com/in/clementdelangue,,Google; Amazon; Nvidia; Salesforce,Runs the 'GitHub of AI'; Hugging Face is the open-source hub for the entire ML community
Jonathan Frankle,Chief Scientist & Co-founder,Databricks (MosaicML),https://databricks.com,"San Francisco, US",$1.3B (acq.),,AI Infrastructure,https://linkedin.com/in/jonathan-frankle,,Acquired by Databricks,Lottery Ticket Hypothesis creator; led MosaicML acquisition into Databricks for $1.3B
Naveen Rao,VP & Co-founder,Databricks (MosaicML),https://databricks.com,"San Francisco, US",$1.3B (acq.),,AI Infrastructure,https://linkedin.com/in/naveenbrao,,Acquired by Databricks,Previously sold Nervana to Intel for $350M+; serial AI infrastructure entrepreneur
Ion Stoica,Co-founder & Executive Chairman,Databricks,https://databricks.com,"San Francisco, US",$4.6B+,,AI Infrastructure,https://linkedin.com/in/ion-stoica,,Andreessen Horowitz; T. Rowe Price,UC Berkeley professor; co-created Apache Spark; also co-founded Anyscale
Matei Zaharia,Co-founder & CTO,Databricks,https://databricks.com,"San Francisco, US",$4.6B+,,AI Infrastructure,https://linkedin.com/in/mateizaharia,,Andreessen Horowitz; T. Rowe Price,Creator of Apache Spark; Stanford professor shaping the future of data + AI
Jerry Liu,CEO & Co-founder,LlamaIndex,https://llamaindex.ai,"San Francisco, US",$34M+,,AI Infrastructure,https://linkedin.com/in/jerry-liu-64390071,,Greylock; Madrona,Building the leading data framework for LLM applications; essential developer tooling
Harrison Chase,CEO & Co-founder,LangChain,https://langchain.com,"San Francisco, US",$35M+,,AI Infrastructure,https://linkedin.com/in/harrison-chase,,Sequoia; Benchmark,Created the most popular LLM application framework; foundational AI developer infrastructure
Ce Zhang,Co-founder & President,Together AI,https://together.ai,"San Francisco, US",$426M+,,AI Infrastructure,https://linkedin.com/in/ce-zhang-80a94725,,Nvidia; Salesforce Ventures; Kleiner Perkins,Building open-source cloud for AI; ex-Stanford professor driving decentralized AI compute
Vipul Ved Prakash,CEO & Co-founder,Together AI,https://together.ai,"San Francisco, US",$426M+,,AI Infrastructure,https://linkedin.com/in/vipulvedprakash,,Nvidia; Salesforce Ventures; Kleiner Perkins,Leading Together AI's mission to democratize AI infrastructure through open models
Cristóbal Valenzuela,CEO & Co-founder,Runway,https://runwayml.com,"New York, US",$237M+,,AI + Media/Creative,https://linkedin.com/in/cristobalvalenzuela,,Google; Nvidia; Salesforce Ventures,Pioneer of AI video generation (Gen-2/Gen-3); reshaping Hollywood and creative industries
Emad Mostaque,Founder,Stability AI,https://stability.ai,"London, UK",$200M+,,AI + Media/Creative,https://linkedin.com/in/emostaque,,Coatue; Lightspeed; O'Shaughnessy Ventures,Founded Stability AI (Stable Diffusion); catalyzed the open-source generative AI movement
David Holz,Founder & CEO,Midjourney,https://midjourney.com,"San Francisco, US",Self-funded,$200M+ ARR (est.),AI + Media/Creative,https://linkedin.com/in/david-holz-36b08a,,Self-funded / bootstrapped,Built Midjourney to $200M+ ARR with no VC funding; rare bootstrapped AI unicorn
Mati Staniszewski,CEO & Co-founder,ElevenLabs,https://elevenlabs.io,"New York / London, US/UK",$180M+,$80M+ ARR,AI + Media/Creative,https://linkedin.com/in/matistaniszewski,,Andreessen Horowitz; Nat Friedman; Daniel Gross,Leading voice AI synthesis; ElevenLabs is the go-to for realistic AI-generated speech
Piotr Dabkowski,CTO & Co-founder,ElevenLabs,https://elevenlabs.io,"New York / London, US/UK",$180M+,,AI + Media/Creative,https://linkedin.com/in/piotr-dabkowski,,Andreessen Horowitz; Nat Friedman; Daniel Gross,Technical co-founder behind ElevenLabs' breakthrough voice cloning technology
Victor Riparbelli,CEO & Co-founder,Synthesia,https://synthesia.io,"London, UK",$157M+,$100M+ ARR,AI + Media/Creative,https://linkedin.com/in/victorriparbelli,,Kleiner Perkins; GV (Google Ventures); Accel,AI video avatar platform with $100M+ ARR; transforming enterprise video communication
Steffen Tjerita,CTO & Co-founder,Synthesia,https://synthesia.io,"London, UK",$157M+,,AI + Media/Creative,https://linkedin.com/in/stjerita,,Kleiner Perkins; GV; Accel,Technical co-founder of Synthesia; pioneered AI avatar video at scale
Dave Rogenmoser,CEO & Co-founder,Jasper,https://jasper.ai,"Austin, US",$131M+,,AI + Enterprise,https://linkedin.com/in/daverogenmoser,,Insight Partners; IVP; Bessemer,Early mover in enterprise AI content; Jasper reached $80M+ ARR in generative AI marketing
Paul Yacoubian,CEO & Co-founder,Copy.ai,https://copy.ai,"San Francisco, US",$14M+,,AI + Enterprise,https://linkedin.com/in/paulyacoubian,,Tiger Global; Wing VC,Pivoted Copy.ai into AI-powered GTM workflows; fast-growing enterprise AI
May Habib,CEO & Co-founder,Writer,https://writer.com,"San Francisco, US",$126M+,,AI + Enterprise,https://linkedin.com/in/mayhabib,,ICONIQ Growth; Insight Partners; Accel,Building the enterprise generative AI platform for regulated industries; strong governance focus
Arvind Jain,CEO & Founder,Glean,https://glean.com,"Palo Alto, US",$360M+,,AI + Enterprise,https://linkedin.com/in/arvindjain1,,Sequoia; Kleiner Perkins; Lightspeed,Former Google Distinguished Engineer; Glean is the leading enterprise AI search platform
Aravind Srinivas,CEO & Co-founder,Perplexity AI,https://perplexity.ai,"San Francisco, US",$775M+,,AI + Enterprise / Search,https://linkedin.com/in/aravind-srinivas-16051987,,Jeff Bezos; Nvidia; IVP; NEA,Building the AI-native answer engine challenging Google; one of the fastest-growing AI startups
Richard Socher,CEO & Founder,You.com,https://you.com,"San Francisco, US",$99M+,,AI + Enterprise / Search,https://linkedin.com/in/richardsocher,,Salesforce Ventures; Day One Ventures,Former Chief Scientist at Salesforce; pioneering AI-powered productivity search
Krish Ramineni,CEO & Co-founder,Fireflies.ai,https://fireflies.ai,"San Francisco, US",$19M+,,AI + Enterprise / Productivity,https://linkedin.com/in/krishramineni,,Canaan Partners,AI meeting assistant with millions of users; strong product-led growth in enterprise AI
Aparna Chennapragada,CEO,Typeface,https://typeface.ai,"San Francisco, US",$165M+,,AI + Enterprise / Content,https://linkedin.com/in/aparnachennapragada,,Lightspeed; GV; Menlo Ventures; Salesforce Ventures,"Ex-Google VP (Lens, Assistant); now building personalized enterprise generative AI content"
Eric Simons,CEO & Co-founder,Tabnine,https://tabnine.com,Tel Aviv / US,$55M+,,AI + Developer Tools,https://linkedin.com/in/ericsimons,,Telstra Ventures; Qualcomm Ventures,Early AI code completion pioneer; Tabnine was doing AI coding before Copilot
Amjad Masad,CEO & Co-founder,Replit,https://replit.com,"San Francisco, US",$222M+,,AI + Developer Tools,https://linkedin.com/in/amjadmasad,,Andreessen Horowitz; Khosla; SV Angel,Building the AI-native coding platform; Replit Agent is democratizing software creation
Eric Glyman,CEO & Co-founder,Ramp,https://ramp.com,"New York, US",$1.6B+,$500M+ ARR,AI + Fintech,https://linkedin.com/in/ericglyman,,Founders Fund; D1 Capital; Thrive Capital,Ramp is the fastest-growing corporate card + AI finance platform; valued at $13B
Karim Atiyeh,CTO & Co-founder,Ramp,https://ramp.com,"New York, US",$1.6B+,,AI + Fintech,https://linkedin.com/in/karimatiyeh,,Founders Fund; D1 Capital; Thrive Capital,Technical co-founder behind Ramp's AI-powered expense management and automation
Henrique Dubugras,Co-CEO & Co-founder,Brex,https://brex.com,"San Francisco, US",$1.5B+,$300M+ ARR,AI + Fintech,https://linkedin.com/in/hdubugras,,Y Combinator; Greenoaks; Tiger Global,Co-leads Brex; integrating AI into corporate spend management for startups and enterprises
Pedro Franceschi,Co-CEO & Co-founder,Brex,https://brex.com,"San Francisco, US",$1.5B+,,AI + Fintech,https://linkedin.com/in/pedrofranceschi,,Y Combinator; Greenoaks; Tiger Global,Technical co-CEO of Brex; driving AI innovation in fintech from Brazil to Silicon Valley
Zach Perret,CEO & Co-founder,Plaid,https://plaid.com,"San Francisco, US",$734M+,,AI + Fintech,https://linkedin.com/in/zachperret,,Altimeter; Silver Lake; Ribbit Capital,Plaid connects 12K+ financial institutions; increasingly leveraging AI for financial data intelligence
Eric Xing,CEO & Founder,Petuum / CAML,https://petuum.com,"Pittsburgh, US",$108M+,,AI Infrastructure / Enterprise,https://linkedin.com/in/epxing,,SoftBank Vision Fund; Tencent,CMU professor; building industrial AI platforms for enterprise deployment
Winston Ibrahim,CEO & Co-founder,Harvey AI,https://harvey.ai,"San Francisco, US",$206M+,,AI + Legal,https://linkedin.com/in/winstoni,,Sequoia; Kleiner Perkins; GV,Building the leading AI platform for law firms; Harvey is transforming legal work
Gabriel Pereyra,CTO & Co-founder,Harvey AI,https://harvey.ai,"San Francisco, US",$206M+,,AI + Legal,https://linkedin.com/in/gabrielpereyra,,Sequoia; Kleiner Perkins; GV,Ex-DeepMind/Meta AI researcher; technical mind behind Harvey's legal AI models
Jason Boehmig,CEO & Co-founder,Ironclad,https://ironcladapp.com,"San Francisco, US",$333M+,,AI + Legal,https://linkedin.com/in/jasonboehmig,,Accel; Y Combinator; Sequoia,Former lawyer turned founder; Ironclad's AI contract management is used by top enterprises
Amit Bendov,CEO & Co-founder,Gong,https://gong.io,"San Francisco, US",$584M+,$300M+ ARR,AI + Sales,https://linkedin.com/in/amitbendov,,Sequoia; Thrive Capital; Battery Ventures,Gong pioneered revenue intelligence with AI; essential tool for B2B sales teams
Ofer Peled,CEO & Co-founder,People.ai,https://people.ai,"San Francisco, US",$200M+,,AI + Sales,https://linkedin.com/in/oferpeled,,ICONIQ; Lightspeed; Andreessen Horowitz,AI revenue operations platform; captures and analyzes every customer touchpoint
Noah Waisberg,CEO & Co-founder,Zuva (ex-Kira Systems),https://zuva.ai,"Toronto, Canada",$65M+ (Kira acq.),,AI + Legal,https://linkedin.com/in/noahwaisberg,,Acquired by Litera; spun out as Zuva,Pioneer of AI contract analysis; Kira was acquired; now leads Zuva's AI document intelligence
Sam Liang,CEO & Founder,Otter.ai,https://otter.ai,"Mountain View, US",$63M+,,AI + Enterprise / Productivity,https://linkedin.com/in/samliangotter,,Fidelity; NTT Docomo; Spectrum Equity,Ex-Google engineer; Otter.ai is a leading AI meeting transcription tool
Ilya Sutskever,Co-founder & Chief Scientist,Safe Superintelligence Inc (SSI),https://ssi.inc,"Palo Alto, US",$1B+,,Generative AI / AI Safety,https://linkedin.com/in/ilaborevich,,Andreessen Horowitz; Sequoia; DST Global; SV Angel,Former OpenAI Chief Scientist; co-founded SSI to build safe superintelligence; legendary figure in AI
Daniel Levy,Co-founder,Safe Superintelligence Inc (SSI),https://ssi.inc,"Palo Alto, US",$1B+,,Generative AI / AI Safety,https://linkedin.com/in/daniel-levy-a2ab6ab6,,Andreessen Horowitz; Sequoia; DST Global,Co-founded SSI with Ilya Sutskever to focus purely on safe superintelligence
Mustafa Suleyman,CEO,Microsoft AI,https://microsoft.com/ai,"Redmond, US",Public (MSFT),,Generative AI / Foundation Models,https://linkedin.com/in/mustafasuleyman,,Microsoft,DeepMind co-founder; former Inflection AI CEO; now leads Microsoft AI; one of the most important figures in AI
Reid Hoffman,Co-founder,Inflection AI,https://inflection.ai,"Palo Alto, US",$1.5B+,,Generative AI / Foundation Models,https://linkedin.com/in/reidhoffman,,Microsoft; Reid Hoffman; Bill Gates; Nvidia,LinkedIn co-founder; co-founded Inflection AI; major AI thought leader and investor
Karén Simonyan,Co-founder & Chief Scientist,Inflection AI,https://inflection.ai,"Palo Alto, US",$1.5B+,,Generative AI / Foundation Models,https://linkedin.com/in/simonyan,,Microsoft; Reid Hoffman; Bill Gates; Nvidia,VGGNet co-creator; former DeepMind researcher; now Chief Scientist at Inflection AI
Alex Atallah,CEO & Co-founder,OpenSea (AI pivot),https://opensea.io,"New York, US",$427M+,,AI + Web3,https://linkedin.com/in/alexatallah,,Paradigm; Coatue; a16z,OpenSea exploring AI; Alex brings deep marketplace expertise to AI-native platforms
Demis Hassabis,CEO & Co-founder,Google DeepMind,https://deepmind.google,"London, UK",Google-backed,,Generative AI / Foundation Models,https://linkedin.com/in/demishassabis,,Alphabet/Google,Nobel Prize winner; co-founded DeepMind; leads Google's frontier AI research
Shane Legg,Chief AGI Scientist & Co-founder,Google DeepMind,https://deepmind.google,"London, UK",Google-backed,,Generative AI / Foundation Models,https://linkedin.com/in/shanelegg,,Alphabet/Google,DeepMind co-founder; coined the term 'artificial general intelligence'; leading AGI safety research
Lila Ibrahim,COO,Google DeepMind,https://deepmind.google,"London, UK",Google-backed,,Generative AI / Foundation Models,https://linkedin.com/in/lilaibrahim,,Alphabet/Google,Runs operations at Google DeepMind; former Intel exec; bridges AI research and business
Alex Graves,Co-founder,NNAISENSE,https://nnaisense.com,"London, UK",$10M+,,AI + Robotics / Research,https://linkedin.com/in/alex-graves-68b5422a,,Unknown,Pioneered attention mechanisms and sequence-to-sequence models; foundational AI researcher
Alex Kendall,CEO & Co-founder,Wayve,https://wayve.ai,"London, UK",$1B+,,AI + Robotics/Autonomy,https://linkedin.com/in/alexkendall,,SoftBank; Microsoft; Nvidia; Eclipse Ventures,Cambridge PhD; leading Wayve's vision-based autonomous driving AI; UK's top robotics founder
Nikolas Halverson,CEO & Co-founder,PolyAI,https://poly.ai,"London, UK",$70M+,,AI + Enterprise / Voice,https://linkedin.com/in/nikolashalfverson,,Khosla Ventures; Point72; NVentures,Building enterprise voice AI assistants; PolyAI handles millions of customer service calls
Nikola Mrkšić,CEO & Co-founder,PolyAI,https://poly.ai,"London, UK",$70M+,,AI + Enterprise / Voice,https://linkedin.com/in/nikolamrksic,,Khosla Ventures; Point72; NVentures,Cambridge PhD in dialogue systems; PolyAI is a leading voice AI for enterprise customer service
Brett Adcock,CEO & Founder,Figure AI,https://figure.ai,"Sunnyvale, US",$754M+,,AI + Robotics/Autonomy,https://linkedin.com/in/brettadcock,,Jeff Bezos; Microsoft; Nvidia; OpenAI; Intel,Building general-purpose humanoid robots; Figure 01 partnership with OpenAI is groundbreaking
Peter Chen,CEO & Co-founder,Covariant,https://covariant.ai,"Emeryville, US",$222M+,,AI + Robotics/Autonomy,https://linkedin.com/in/pieterchen,,Index Ventures; Radical Ventures; Geoffrey Hinton,Building the AI brain for robots; Covariant's foundation model for robotics is category-defining
Dmitry Aksyonov,CEO & Co-founder,1X Technologies,https://1x.tech,"Sunnyvale, US",$125M+,,AI + Robotics/Autonomy,https://linkedin.com/in/dmitry-aksyonov,,OpenAI; Tiger Global; Samsung,Building humanoid robots (NEO); backed by OpenAI; merging AI with physical embodiment
Bernt Børnich,CEO & Co-founder,1X Technologies,https://1x.tech,"Moss, Norway / US",$125M+,,AI + Robotics/Autonomy,https://linkedin.com/in/berntbornich,,OpenAI; Tiger Global; Samsung,Norwegian founder building androids; 1X's EVE robot is deployed in real-world settings
Geordie Rose,CEO & Founder,Sanctuary AI,https://sanctuary.ai,"Vancouver, Canada",$100M+,,AI + Robotics/Autonomy,https://linkedin.com/in/geordierose,,Magna International; BDC Capital; InBC,D-Wave co-founder now building general-purpose humanoid robots; Canadian AI pioneer
Suzanne Gildert,CTO & Co-founder,Sanctuary AI,https://sanctuary.ai,"Vancouver, Canada",$100M+,,AI + Robotics/Autonomy,https://linkedin.com/in/suzannegildert,,Magna International; BDC Capital; InBC,Quantum computing PhD turned humanoid robotics CTO; building the world's first human-like intelligence in robots
Eric Lefkofsky,CEO & Co-founder,Tempus AI,https://tempus.com,"Chicago, US",$1.3B+ / Public (TEM),$700M+ revenue,AI + Health,https://linkedin.com/in/ericlefkofsky,,Google; NEA; New Enterprise Associates; Public,Groupon co-founder turned AI health pioneer; Tempus went public in 2024; precision medicine at scale
Chris Gibson,CEO & Co-founder,Recursion Pharmaceuticals,https://recursion.com,"Salt Lake City, US",$1B+ / Public (RXRX),,AI + Health / Drug Discovery,https://linkedin.com/in/chrisgibsonphd,,Public company,Using AI to decode biology and discover new drugs; Recursion is a leader in AI-driven pharma
Alex Zhavoronkov,CEO & Founder,Insilico Medicine,https://insilico.com,"New York / Hong Kong, US",$400M+,,AI + Health / Drug Discovery,https://linkedin.com/in/zhavoronkov,,Warburg Pincus; B Capital; Qiming Venture Partners,Pioneered generative AI for drug discovery; first AI-designed drug to reach Phase II trials
Andrew Ng,Founder & CEO,Landing AI / DeepLearning.AI,https://landing.ai,"Palo Alto, US",$57M+,,AI Infrastructure / Education,https://linkedin.com/in/andrewyng,,Insight Partners; McRock Capital,Co-founded Google Brain; former Baidu Chief Scientist; one of the most influential AI educators globally
Fei-Fei Li,Co-founder,World Labs,https://worldlabs.ai,"San Francisco, US",$230M+,,Generative AI / Spatial Intelligence,https://linkedin.com/in/faborefei-fei-li,,Andreessen Horowitz; Radical Ventures; NVentures,Stanford HAI director; ImageNet creator; building spatial intelligence AI at World Labs
Justin Johnson,Co-founder & CEO,World Labs,https://worldlabs.ai,"San Francisco, US",$230M+,,Generative AI / Spatial Intelligence,https://linkedin.com/in/jcjohnson,,Andreessen Horowitz; Radical Ventures; NVentures,Former Meta FAIR researcher; leading World Labs' vision for 3D spatial AI
Connor Leahy,CEO & Co-founder,Conjecture,https://conjecture.dev,"London, UK",$22M+,,AI Safety / Foundation Models,https://linkedin.com/in/connor-leahy,,Crypto investors; angels,Former EleutherAI leader; building interpretable AI at Conjecture; prominent AI safety voice
Guillaume Verdon,CEO & Founder,Extropic,https://extropic.ai,"San Francisco, US",$35M+,,AI Infrastructure / Hardware,https://linkedin.com/in/guillaumeverdon,,a16z; Kindred Ventures,Former Google X quantum engineer; building thermodynamic AI hardware; 'Beff Jezos' of e/acc
Naveen Jain,CEO & Founder,Viome,https://viome.com,"Seattle, US",$175M+,,AI + Health / Genomics,https://linkedin.com/in/naveenjain1,,Khosla Ventures; Bold Capital; Marc Benioff,Serial billionaire entrepreneur using AI for personalized nutrition and health diagnostics
Jonathan Ross,CEO & Founder,Groq,https://groq.com,"Mountain View, US",$640M+,,AI Infrastructure / Chips,https://linkedin.com/in/rossjonathan,,Tiger Global; Samsung; Cisco,Former Google TPU architect; Groq's LPU chips deliver fastest AI inference in the world
Kyle Vogt,CEO & Co-founder,The Bot Company,https://thebotcompany.com,"San Francisco, US",$150M+,,AI + Robotics / Home,https://linkedin.com/in/kylevogt,,Khosla Ventures; a16z,Former Cruise CEO; now building AI home robots; serial robotics/autonomy entrepreneur
Boris Sofman,CEO,Waymo,https://waymo.com,"Mountain View, US",Alphabet-backed ($5B+),,AI + Robotics/Autonomy,https://linkedin.com/in/borissofman,,Alphabet/Google,Leads Waymo; former Anki CEO; at the forefront of autonomous vehicle deployment
George Hotz,CEO & Founder,comma.ai,https://comma.ai,"San Diego, US",$8M+ (mostly bootstrapped),$10M+ revenue,AI + Robotics/Autonomy,https://linkedin.com/in/george-hotz-8505284,george@comma.ai,Self-funded / angels,Famous hacker turned autonomous driving founder; comma.ai's openpilot is open-source ADAS
Sébastien Bratières,CEO & Co-founder,Faculty AI,https://faculty.ai,"London, UK",$50M+,,AI + Enterprise / Government,https://linkedin.com/in/sbrat,,Northzone; LocalGlobe,"UK's leading applied AI consultancy; works with NHS, UK government, and major enterprises"
Tabitha Goldstaub,Co-founder,CognitionX / AI Council,https://cognitionx.com,"London, UK",$10M+,,AI + Enterprise / Advisory,https://linkedin.com/in/tabithagoldstaub,,Various UK investors,Chair of the UK AI Council; co-founded CognitionX; key connector in the UK AI ecosystem
Poppy Gustafsson,CEO,Darktrace,https://darktrace.com,"Cambridge, UK",Public (was) / Acquired by Thoma Bravo,$600M+ revenue,AI + Cybersecurity,https://linkedin.com/in/poppygustafsson,,Thoma Bravo (acquirer); KKR; Summit,Led Darktrace from startup to $5.3B acquisition; pioneering self-learning AI for cybersecurity
Jack Clark,Co-founder,Anthropic,https://anthropic.com,"San Francisco, US",$7.6B+,,Generative AI / Foundation Models / Policy,https://linkedin.com/in/jack-clark-b27b782,,Google; Spark Capital,Co-founded Anthropic; former OpenAI Policy Director; leading voice on AI safety and governance
Tom Brown,Co-founder,Anthropic,https://anthropic.com,"San Francisco, US",$7.6B+,,Generative AI / Foundation Models,https://linkedin.com/in/tom-brown-0987b5a,,Google; Spark Capital,Lead author of GPT-3 paper; Anthropic co-founder; instrumental in scaling language models
Chris Olah,Co-founder,Anthropic,https://anthropic.com,"San Francisco, US",$7.6B+,,Generative AI / Foundation Models / Interpretability,https://linkedin.com/in/chris-olah-4571a572,,Google; Spark Capital,Pioneer of neural network interpretability; co-founded Anthropic; legendary ML researcher
Jared Kaplan,Co-founder,Anthropic,https://anthropic.com,"San Francisco, US",$7.6B+,,Generative AI / Foundation Models,https://linkedin.com/in/jaredkaplan,,Google; Spark Capital,Co-discovered neural scaling laws; Johns Hopkins physicist turned AI researcher; Anthropic co-founder
Raquel Urtasun,CEO & Founder,Waabi,https://waabi.ai,"Toronto, Canada",$283M+,,AI + Robotics/Autonomy,https://linkedin.com/in/raquelurtasun,,Khosla Ventures; Uber; a16z; Aurora,Former Uber ATG Chief Scientist; U of T professor; leading AI-first approach to autonomous trucking
Toran Bruce Richards,CEO & Founder,Significo (AutoGPT),https://agpt.co,"London, UK",$12M+,,AI + Autonomous Agents,https://linkedin.com/in/toranbricerichard,,Various angels,"Created AutoGPT, one of the most viral open-source AI projects; pioneering autonomous AI agents"
Tudor Achim,CEO & Co-founder,Luma AI,https://lumalabs.ai,"San Francisco, US",$70M+,,AI + Media/Creative / 3D,https://linkedin.com/in/tudorachim,,Andreessen Horowitz; GV; Matrix Partners,Building Dream Machine for AI video/3D generation; Luma is pushing the frontier of visual AI
Yangqing Jia,CEO & Co-founder,Lepton AI,https://lepton.ai,"San Francisco, US",$57M+,,AI Infrastructure,https://linkedin.com/in/yangqing,,Greycroft; Amplify Partners,Created Caffe (deep learning framework); former Meta/Alibaba AI VP; now building AI cloud infrastructure
Geoffrey Hinton,Professor Emeritus / AI advisor,University of Toronto / Google alum,https://cs.toronto.edu/~hinton,"Toronto, Canada",Nobel Prize winner,,AI Research / Foundation Models,https://linkedin.com/in/geoffreyhinton,,Various,Nobel Prize in Physics for AI; the 'Godfather of Deep Learning'; his students founded many top AI companies
Yoshua Bengio,Professor & Founder,Mila / various AI ventures,https://mila.quebec,"Montreal, Canada",Mila - government funded,,AI Research / Foundation Models,https://linkedin.com/in/yoshuabengio,,CIFAR; Quebec government,Turing Award winner; founded Mila (world's largest academic AI lab); godfather of deep learning
Richard Sutton,Professor & Co-founder,RLAI Lab / Keen Technologies,https://incompleteideas.net,"Edmonton, Canada",$10M+,,AI Research / Reinforcement Learning,https://linkedin.com/in/richardsutton,,Alberta Machine Intelligence Institute,Father of reinforcement learning; co-founded Keen Technologies; his work underpins modern AI
Tad Milbourn,CEO & Co-founder,BenchSci,https://benchsci.com,"Toronto, Canada",$70M+,,AI + Health / Drug Discovery,https://linkedin.com/in/tadmilbourn,,Gradient Ventures (Google); Inovia Capital; iGan Partners,Using AI to accelerate preclinical drug discovery; Toronto-based AI biotech
Connor Grennan,CEO & Founder,EvenUp,https://evenuplaw.com,"San Francisco, US",$135M+,,AI + Legal,https://linkedin.com/in/connorgrennan,,Bain Capital Ventures; Bessemer; Signalfire,AI for personal injury law; EvenUp automates demand letters using AI; fast-growing legal tech
Thomas Wolf,CTO & Co-founder,Hugging Face,https://huggingface.co,"New York, US",$395M+,,AI Infrastructure / Open Source,https://linkedin.com/in/thomwolf,,Google; Amazon; Nvidia; Salesforce,Co-founded and built the technical foundation of Hugging Face; Transformers library creator
Julien Chaumond,CTO & Co-founder,Hugging Face,https://huggingface.co,"New York, US",$395M+,,AI Infrastructure / Open Source,https://linkedin.com/in/julienchaumond,,Google; Amazon; Nvidia; Salesforce,Co-founder of Hugging Face; building the open-source AI platform used by 50K+ organizations
David Luan,CEO & Co-founder,Adept AI,https://adept.ai,"San Francisco, US",$415M+,,Generative AI / AI Agents,https://linkedin.com/in/davidluan,,General Catalyst; Spark Capital; Greylock,Former OpenAI VP Engineering; building AI agents that can use any software tool
Cai GoGwilt,CTO & Co-founder,Ironclad,https://ironcladapp.com,"San Francisco, US",$333M+,,AI + Legal,https://linkedin.com/in/caigogwilt,,Accel; Y Combinator; Sequoia,Technical co-founder behind Ironclad's AI contract platform; MIT dropout turned legal tech pioneer
Eiso Kant,CEO & Co-founder,Poolside AI,https://poolside.ai,"San Francisco, US",$626M+,,AI + Developer Tools,https://linkedin.com/in/eisokant,,Bain Capital Ventures; DST Global; Nvidia,Building the most advanced AI coding assistant; Poolside raised one of 2024's largest AI rounds
Jason Warner,CTO & Co-founder,Poolside AI,https://poolside.ai,"San Francisco, US",$626M+,,AI + Developer Tools,https://linkedin.com/in/jasonwarner,,Bain Capital Ventures; DST Global; Nvidia,Former GitHub CTO; building next-gen AI for software engineering at Poolside
Lewis Liu,CEO & Co-founder,Eigen Technologies,https://eigen.co,"London, UK",$93M+,,AI + Enterprise / Document Intelligence,https://linkedin.com/in/lewisliu1,,Goldman Sachs; Temasek; Dawn Capital,Building AI for document processing in banking; Goldman Sachs-backed; strong enterprise traction
Navrina Singh,CEO & Founder,Credo AI,https://credo.ai,"San Francisco, US",$41M+,,AI + Governance,https://linkedin.com/in/navrinasingh,,Sands Capital; Decibel; Village Global,Building AI governance platform; former Microsoft AI leader; essential for responsible AI adoption
Gary Marcus,CEO & Founder,Robust.AI / AI critic,https://robust.ai,"New York, US",$15M+,,AI + Robotics / Safety,https://linkedin.com/in/garymarcus,,Playground Global; Lux Capital,NYU professor and prominent AI critic; Robust.AI building safer AI for robotics; influential voice
Liang Wee Tan,CEO,BenevolentAI,https://benevolent.ai,"London, UK",$400M+ / Public,,AI + Health / Drug Discovery,https://linkedin.com/in/liangweetan,,Temasek; Woodford; Public,London-based AI drug discovery company; one of the UK's pioneering AI health companies
Andrej Karpathy,Founder,Eureka Labs,https://eurekalabs.ai,"San Francisco, US",Undisclosed,,AI + Education,https://linkedin.com/in/andrejkarpathy,,Unknown,Former OpenAI/Tesla AI director; legendary AI educator (YouTube); now building AI-native education
Michael Truell,CEO & Co-founder,Cursor,https://cursor.com,"San Francisco, US",$60M+,$100M+ ARR,AI + Developer Tools,https://linkedin.com/in/michaeltruell,,Andreessen Horowitz; Thrive Capital; OpenAI Startup Fund,Built Cursor to $100M ARR in record time; the AI code editor is the fastest-growing dev tool
Aman Sanger,CTO & Co-founder,Cursor,https://cursor.com,"San Francisco, US",$60M+,$100M+ ARR,AI + Developer Tools,https://linkedin.com/in/amansanger,,Andreessen Horowitz; Thrive Capital,Technical co-founder of Cursor; building the AI-first IDE that developers love
Sualeh Asif,Co-founder,Cursor,https://cursor.com,"San Francisco, US",$60M+,$100M+ ARR,AI + Developer Tools,https://linkedin.com/in/sualehasif,,Andreessen Horowitz; Thrive Capital,Co-founder of Cursor; part of the MIT team that built the breakout AI coding tool
Arvid Lunnemark,Co-founder,Cursor,https://cursor.com,"San Francisco, US",$60M+,$100M+ ARR,AI + Developer Tools,https://linkedin.com/in/arvidlunnemark,,Andreessen Horowitz; Thrive Capital,Co-founder of Cursor; MIT background; helping build the future of AI-assisted programming
Scott Wu,CEO & Co-founder,Cognition AI (Devin),https://cognition.ai,"San Francisco, US",$175M+,,AI + Developer Tools / Agents,https://linkedin.com/in/scottwu12,,Founders Fund; Khosla Ventures; Peter Thiel,"Created Devin, the first AI software engineer; former IOI gold medalist; redefining software development"
Sergey Levine,Co-founder & Advisor,Physical Intelligence,https://physicalintelligence.company,"San Francisco, US",$400M+,,AI + Robotics,https://linkedin.com/in/sergeylevine,,Jeff Bezos; Thrive Capital; Lux Capital,UC Berkeley professor; Physical Intelligence building general-purpose robot AI; massive recent raise
Karol Hausman,Co-founder,Physical Intelligence,https://physicalintelligence.company,"San Francisco, US",$400M+,,AI + Robotics,https://linkedin.com/in/karolhausman,,Jeff Bezos; Thrive Capital; Lux Capital,Former Google DeepMind researcher; building foundation models for robots at Physical Intelligence
Chelsea Finn,Co-founder,Physical Intelligence,https://physicalintelligence.company,"San Francisco, US",$400M+,,AI + Robotics,https://linkedin.com/in/chelseafinn,,Jeff Bezos; Thrive Capital; Lux Capital,Stanford professor; pioneer of meta-learning and robot learning; co-founded Physical Intelligence
Daphne Koller,CEO & Founder,insitro,https://insitro.com,"San Francisco, US",$643M+,,AI + Health / Drug Discovery,https://linkedin.com/in/daphnekoller,,a16z; Canada Pension Plan; GV; Third Rock Ventures,Stanford professor; Coursera co-founder; now using ML to transform drug discovery at insitro
Suhail Doshi,CEO & Founder,Playground AI,https://playground.com,"San Francisco, US",$48M+,,AI + Media/Creative,https://linkedin.com/in/suhaildoshi,,a16z; NVentures; Samsung,Former Mixpanel founder; now building Playground for AI-powered graphic design
Siqi Chen,CEO & Founder,Runway Financial,https://runway.com,"San Francisco, US",$54M+,,AI + Fintech / FP&A,https://linkedin.com/in/siqichen,,General Catalyst; Greylock; a16z,Building AI for financial planning; not to be confused with Runway ML; strong enterprise traction
Sara Hooker,VP of Research,Cohere,https://cohere.com,"Toronto, Canada",$970M+,,Generative AI / Foundation Models,https://linkedin.com/in/sarahooker,,Nvidia; Oracle; Salesforce Ventures,Former Google Brain researcher; leads Cohere's research; founded Cohere For AI nonprofit
Nick Frosst,Co-founder,Cohere,https://cohere.com,"Toronto, Canada",$970M+,,Generative AI / Foundation Models,https://linkedin.com/in/nickfrosst,,Nvidia; Oracle; Salesforce Ventures,Studied under Geoffrey Hinton; co-founded Cohere; key figure in Canadian AI ecosystem
Daniel De Freitas,Co-founder,Character.AI,https://character.ai,"Palo Alto, US",$193M+,,AI + Consumer,https://linkedin.com/in/daniel-de-freitas,,Andreessen Horowitz; SV Angel,Co-created LaMDA at Google; co-founded Character.AI bringing personality to AI conversations
Douwe Kiela,CEO & Co-founder,Contextual AI,https://contextual.ai,"San Francisco, US",$80M+,,AI Infrastructure / Enterprise,https://linkedin.com/in/douwekiela,,Greycroft; Index Ventures; Meta (investment),Former Meta AI researcher; building RAG-native enterprise AI platform at Contextual AI
Percy Liang,Associate Professor & Founder,Together AI / Stanford CRFM,https://together.ai,"Stanford, US",$426M+,,AI Infrastructure / Research,https://linkedin.com/in/percyliang,,Nvidia; Salesforce Ventures,Stanford professor directing CRFM; leads HELM AI evaluation; Together AI co-founder
George Sivulka,CEO & Founder,Hebbia,https://hebbia.ai,"New York, US",$130M+,,AI + Enterprise / Knowledge,https://linkedin.com/in/georgesivulka,,Andreessen Horowitz; Peter Thiel; Google Ventures,Stanford PhD dropout; Hebbia's AI analyst is used by top financial and legal firms
Skylar Payne,CEO & Co-founder,Tome,https://tome.app,"San Francisco, US",$81M+,,AI + Enterprise / Presentations,https://linkedin.com/in/skylarpayne,,Greylock; Lightspeed; Coatue,Building AI-native presentations and storytelling; Tome is reimagining business communication
Keith Peiris,CEO & Co-founder,Tome,https://tome.app,"San Francisco, US",$81M+,,AI + Enterprise / Presentations,https://linkedin.com/in/keithpeiris,,Greylock; Lightspeed; Coatue,Former Instagram product lead; co-founded Tome for AI-powered business storytelling
Ramesh Raskar,CEO & Co-founder,Wellframe / MIT Media Lab spin-offs,https://wellframe.com,"Boston, US",$75M+,,AI + Health / Digital Health,https://linkedin.com/in/rameshraskar,,HealthQuad; Vitalize Ventures,MIT Media Lab professor; pioneering AI for preventive healthcare and patient engagement
Iya Khalil,Co-founder & Chief Commercial Officer,GNS Healthcare,https://gnshealthcare.com,"Cambridge, US",$77M+,,AI + Health / Precision Medicine,https://linkedin.com/in/iyakhalil,,Lilly; Alexandria; GV,Using causal AI for drug discovery and precision medicine at GNS Healthcare
Dina Katabi,CEO & Founder,Emerald Innovations,https://emeraldinno.com,"Cambridge, US",$90M+,,AI + Health / Monitoring,https://linkedin.com/in/dinakatabi,,Intel Capital; Amazon Alexa Fund,MIT professor using AI + wireless signals for contactless health monitoring
Eugenia Kuyda,CEO & Co-founder,Replika,https://replika.ai,"San Francisco, US",$10M+,$50M+ ARR,AI + Consumer / Companion,https://linkedin.com/in/eugeniakuyda,,Khosla Ventures; Y Combinator,Built Replika into the leading AI companion app with millions of active users
Azeem Azhar,Founder,Exponential View / HBR,https://exponentialview.co,"London, UK",$10M+,,AI + Media / Analysis,https://linkedin.com/in/azeem,,Various,Leading voice on AI and exponential technologies; author and HBR contributor; shapes AI narrative
Anne Boden,CEO & Founder,Starling Bank (AI-powered),https://starlingbank.com,"London, UK",$500M+,$400M+ revenue,AI + Fintech,https://linkedin.com/in/anneboden,,Goldman Sachs; Fidelity; Qatar Investment Authority,Founded UK's leading digital bank with AI at its core; profitable and growing rapidly
Kriti Sharma,Founder,AI for Good / Aible,https://aible.com,"London, UK",$22M+,,AI + Enterprise,https://linkedin.com/in/kritisharma,,Khosla Ventures,AI ethics leader; building Aible for business AI; former Sage VP of AI
Tumelo Ramaphosa,CTO & Co-founder,Aire,https://aire.io,"London, UK",$14M+,,AI + Fintech / Credit,https://linkedin.com/in/tumelo,,Experian Ventures; Sunstone Capital,Using AI to transform credit scoring with alternative data
Neil Lawrence,Professor & Co-founder,Amazon Cambridge / various,https://inverseprobability.com,"Cambridge, UK",Various,,AI Research / Applied AI,https://linkedin.com/in/neillawrence,,Amazon,DeepMind professor; former Amazon Cambridge director; one of UK's most influential AI researchers
Carina Namih,Co-founder,Synthetic Intelligence Forum / Policymaker,https://syntheticintelligenceforum.com,"London, UK",$10M+,,AI Policy / Enterprise,https://linkedin.com/in/carinanamih,,Various,Shapes UK AI policy; co-founded organizations bridging AI innovation and governance
Mattha Busby,CEO & Co-founder,Wayve (early team),https://wayve.ai,"London, UK",$1B+,,AI + Autonomy,https://linkedin.com/in/matthabusby,,SoftBank; Microsoft,Early Wayve team member; UK autonomous driving pioneer
Mike Chicken,CEO & Co-founder,Ada,https://ada.cx,"Toronto, Canada",$190M+,,AI + Enterprise / Customer Service,https://linkedin.com/in/mikechicken,,Accel; Spark Capital; Tiger Global,Building AI customer service automation; Ada serves 100M+ customers for brands like Meta and Shopify
David Faber,Co-founder,Ada,https://ada.cx,"Toronto, Canada",$190M+,,AI + Enterprise / Customer Service,https://linkedin.com/in/davidfaber,,Accel; Spark Capital; Tiger Global,Co-founded Ada; transforming customer experience with AI in Toronto's growing tech ecosystem
Barret Zoph,Research Lead,Google DeepMind (ex-Toronto),https://deepmind.google,"Toronto / Mountain View, Canada/US",Google-backed,,Generative AI / Research,https://linkedin.com/in/barretzoph,,Google,Co-created NAS; leading Gemini efforts at Google; trained in Canada's AI ecosystem
Chris Chicken,CEO & Co-founder,Dessa (acquired by Square),https://dessa.com,"Toronto, Canada",Acquired by Square,,AI Infrastructure,https://linkedin.com/in/chrischicken,,Acquired by Square,Built AI platform Dessa; acquired by Square; now Series A+ in Canadian AI ecosystem
Guillaume Bouchard,CEO & Co-founder,Dreamquark,https://dreamquark.com,"Montreal, Canada",$17M+,,AI + Fintech / Insurance,https://linkedin.com/in/guillaumebouchard,,BlackFin Capital; Cathay Innovation,Using AI for financial services; one of Canada/France's top AI fintech founders
Kanjun Qiu,CEO & Co-founder,Imbue,https://imbue.com,"San Francisco, US",$220M+,,Generative AI / AI Agents,https://linkedin.com/in/kanjunqiu,,Nvidia; Astera Institute,Building AI agents that reason and code; Imbue raised $200M+ for autonomous AI research
Josh Browder,CEO & Founder,DoNotPay,https://donotpay.com,"San Francisco, US",$16M+,,AI + Legal / Consumer,https://linkedin.com/in/jbrowder1,,Andreessen Horowitz; Felicis,The 'robot lawyer' app; democratizing legal access with AI; millions of users
Adi Agashe,CEO & Co-founder,Elto,https://elto.com,"San Francisco, US",$12M+,,AI + Enterprise / Voice,https://linkedin.com/in/adiagashe,,Andreessen Horowitz,Building AI voice agents for enterprise phone calls
Noah Ready-Campbell,CEO & Co-founder,Built Robotics,https://builtrobotics.com,"San Francisco, US",$112M+,,AI + Robotics / Construction,https://linkedin.com/in/noahreadycampbell,,Founders Fund; Looking Glass Capital,Turning heavy equipment into autonomous robots for construction
Amanpreet Singh,CEO & Co-founder,Reka AI,https://reka.ai,"San Francisco, US",$58M+,,Generative AI / Foundation Models,https://linkedin.com/in/amanpreetsingh,,Snowflake; SoftBank; DST Global,Former Google DeepMind; building multimodal foundation models at Reka
Yi Tay,Co-founder,Reka AI,https://reka.ai,"San Francisco, US",$58M+,,Generative AI / Foundation Models,https://linkedin.com/in/yitay,,Snowflake; SoftBank; DST Global,Former Google Brain researcher; building multimodal AI models at Reka
Jonas Andrulis,CEO & Founder,Aleph Alpha,https://aleph-alpha.com,"Heidelberg / London, UK",$500M+,,Generative AI / Foundation Models,https://linkedin.com/in/jonasandrulis,,Bosch; SAP; Hewlett Packard Enterprise,Building sovereign AI for Europe; strong government and enterprise focus
Hieu Pham,CEO & Co-founder,xAI (key researcher),https://x.ai,"San Francisco, US",$12B+,,Generative AI / Foundation Models,https://linkedin.com/in/haborepham,,Various,Key technical contributor to xAI's Grok models
Roy Raanani,CEO & Co-founder,Chorus.ai (acquired by ZoomInfo),https://zoominfo.com,"San Francisco, US",Acquired ($575M),,AI + Sales,https://linkedin.com/in/royraanani,,Acquired by ZoomInfo,Built Chorus.ai conversation intelligence; acquired by ZoomInfo for $575M
Jaleh Rezaei,CEO & Co-founder,Mutiny,https://mutinyhq.com,"San Francisco, US",$72M+,,AI + Enterprise / Marketing,https://linkedin.com/in/jalehrezaei,,Sequoia; Tiger Global; Insight Partners,AI-powered website personalization; transforming B2B marketing with generative AI
