Name,Type,AUM,VC/PE Allocation,Location,Key Contact,Contact Title,Contact LinkedIn,Contact Email,Website,Known VC Fund Commitments,Sector Preference,Stage Preference,Minimum Commitment Size,Open to Emerging Managers?,Notes
Harvard Management Company,University Endowment,$50.7B,~16% PE/VC (~$8B),"Boston, MA, USA",N.P. Narvekar,President & CEO,linkedin.com/in/npnarvekar,,hmc.harvard.edu,"Sequoia, Andreessen Horowitz, General Catalyst, Thrive Capital",Broad — tech & life sciences,All stages,$25M+,No,"Pioneer of endowment model under Jack Meyer; very selective, rarely adds new managers"
Yale Investments Office,University Endowment,$41.4B,~24% VC (~$10B),"New Haven, CT, USA",Matt Mendelsohn,CIO,linkedin.com/in/matt-mendelsohn,,investments.yale.edu,"Sequoia, Greylock, Benchmark, Kleiner Perkins, Sutter Hill",Broad — tech & healthcare,All stages — heavy early-stage,$25M+,No,"David Swensen legacy; 'Yale Model' inventor; longest VC track record among endowments"
Stanford Management Company,University Endowment,$36.3B,~24% PE/VC (~$8.7B),"Stanford, CA, USA",Robert Wallace,CEO & CIO,linkedin.com/in/robert-wallace-smc,,smc.stanford.edu,"Sequoia, Kleiner Perkins, Accel, Khosla Ventures",Tech & biotech,All stages,$20M+,No,"Deep Silicon Valley ties; one of the largest VC allocations percentage-wise"
Princeton University Investment Company (PRINCO),University Endowment,$35.8B,~25% PE/VC (~$9B),"Princeton, NJ, USA",Andrew Golden,President,linkedin.com/in/andrew-golden-princo,,princo.princeton.edu,"Sequoia, Benchmark, USV, Founders Fund",Broad,All stages,$20M+,Unknown,"Andrew Golden is highly regarded; long tenure; very relationship-driven"
MIT Investment Management Company (MITIMCo),University Endowment,$27.4B,~19% PE/VC (~$5.2B),"Cambridge, MA, USA",Seth Alexander,President,linkedin.com/in/sethalexander,,mitimco.mit.edu,"Flagship Pioneering, Atlas Venture, General Catalyst",Tech & biotech/life sciences,All stages,$15M+,Unknown,"Strong biotech/life sciences tilt given MIT research ecosystem"
University of Pennsylvania,University Endowment,$20.5B,~30% PE/VC (~$6.2B),"Philadelphia, PA, USA",Peter Ammon,CIO,linkedin.com/in/peterammon,,investments.upenn.edu,"Andreessen Horowitz, General Atlantic, Warburg Pincus",Healthcare & tech,All stages,$15M+,Unknown,"Large alternatives allocation; Wharton network advantage"
Columbia Investment Management Company,University Endowment,$13.3B,~22% PE/VC (~$2.9B),"New York, NY, USA",Kim Lew,CEO,linkedin.com/in/kimlew,,columbia.edu/content/investment-management,"Tiger Global, Insight Partners, Thrive Capital",Tech & healthcare,Growth & late-stage focus,$10M+,Unknown,"NYC-based; access to strong financial networks"
Duke University Management Company (DUMAC),University Endowment,$12.1B,~30% PE/VC (~$3.6B),"Durham, NC, USA",Neal Triplett,CEO,linkedin.com/in/nealtriplett,,dumac.duke.edu,"Bessemer, Arch Venture Partners, NEA",Healthcare & life sciences,All stages,$10M+,Yes,"Known for backing emerging managers; strong healthcare/biotech interest"
Northwestern University,University Endowment,$14.0B,~25% PE/VC (~$3.5B),"Evanston, IL, USA",Amy Falls,CIO,linkedin.com/in/amyfalls,,northwestern.edu,"ARCH Venture Partners, Lightspeed, Adams Street",Tech & healthcare,All stages,$10M+,Unknown,"Amy Falls joined 2019 from Rockefeller; building out alternatives"
University of Chicago,University Endowment,$10.3B,~30% PE/VC (~$3.1B),"Chicago, IL, USA",Mark Schmid,CIO,linkedin.com/in/markschmid,,uchicago.edu,"ARCH Venture Partners, Citadel-linked funds, DRW",Quantitative & life sciences,All stages,$10M+,Unknown,"Deep quantitative finance culture; strong economics network"
Dartmouth College,University Endowment,$8.5B,~28% PE/VC (~$2.4B),"Hanover, NH, USA",Alice Ruth,CIO,linkedin.com/in/aliceruth,,dartmouth.edu,"Sequoia, Bessemer, Tuck-connected managers",Broad,All stages,$5M+,Yes,"Smaller endowment willing to take emerging manager risk; Alice Ruth known for innovative approach"
Brown University,University Endowment,$6.6B,~20% PE/VC (~$1.3B),"Providence, RI, USA",Jane Dietze,CIO,linkedin.com/in/janedietze,,brown.edu,"Spark Capital, General Catalyst, local managers",Tech & social impact,Early & growth,$5M+,Yes,"Has historically backed smaller/emerging managers; mission-aligned investing interest"
Cornell University,University Endowment,$10.0B,~25% PE/VC (~$2.5B),"Ithaca, NY, USA",Kenneth Miranda,CIO,linkedin.com/in/kennethmiranda,,cornell.edu,"Union Square Ventures, Insight Partners",Tech & agriculture/sustainability,All stages,$10M+,Unknown,"Cornell Tech NYC campus creates deal flow connections"
Rice University,University Endowment,$8.1B,~30% PE/VC (~$2.4B),"Houston, TX, USA",Allison Thacker,CIO & VP,linkedin.com/in/allisonthacker,,rice.edu,"Energy-focused VCs, Mercury Fund, local Houston managers",Energy & tech,All stages,$5M+,Yes,"Houston energy ecosystem; open to niche/emerging managers in energy-adjacent sectors"
Emory University,University Endowment,$11.0B,~25% PE/VC (~$2.8B),"Atlanta, GA, USA",Mary Cahill,CIO,linkedin.com/in/marycahill,,emory.edu,"TechOperators, Sante Ventures, healthcare-focused managers",Healthcare & life sciences,All stages,$5M+,Yes,"Strong healthcare tilt (Emory medical school); has backed smaller healthcare-focused funds"
Vanderbilt University,University Endowment,$10.9B,~28% PE/VC (~$3.1B),"Nashville, TN, USA",Laurie Wieland,CIO,linkedin.com/in/lauriewieland,,vanderbilt.edu,"Andreessen Horowitz, healthcare-focused funds",Healthcare & tech,All stages,$10M+,Unknown,"Growing alternatives program; Nashville healthcare ecosystem connection"
University of Notre Dame,University Endowment,$18.4B,~30% PE/VC (~$5.5B),"Notre Dame, IN, USA",Scott Malpass,VP & CIO,linkedin.com/in/scottmalpass,,nd.edu,"Andreessen Horowitz, Sequoia, Notre Dame alumni managers",Broad,All stages,$10M+,Unknown,"Scott Malpass is one of the longest-tenured endowment CIOs; large allocation to VC"
University of Southern California (USC),University Endowment,$8.1B,~22% PE/VC (~$1.8B),"Los Angeles, CA, USA",Lisa Mazzocco,CIO,linkedin.com/in/lisamazzocco,,usc.edu,"LA-based VCs, Upfront Ventures",Entertainment tech & healthcare,All stages,$5M+,Unknown,"LA entertainment/tech ecosystem; Trojan network is strong in media/tech"
UCLA Foundation,University Endowment,$7.2B,~18% PE/VC (~$1.3B),"Los Angeles, CA, USA",Johnathan Grabel,CIO,linkedin.com/in/johnathangrabel,,uclaFoundation.org,"March Capital, Upfront Ventures, TenOneTen",Tech & life sciences,All stages,$5M+,Yes,"Smaller program building out VC exposure; willing to look at emerging managers"
UC Berkeley Foundation,University Endowment,$7.0B,~18% PE/VC (~$1.3B),"Berkeley, CA, USA",Jagdeep Bachher (UC system CIO),CIO (UC Regents / Foundation),linkedin.com/in/jagdeepbachher,,ucop.edu/investment-office,"Formation 8, Playground Global, Berkeley alumni managers",Deep tech & climate,Early-stage focus,$5M+,Yes,"Silicon Valley proximity; SkyDeck accelerator deal flow; open to smaller innovative managers"
University of Michigan,University Endowment,$17.0B,~22% PE/VC (~$3.7B),"Ann Arbor, MI, USA",L. Erik Lundberg,CIO,linkedin.com/in/eriklundberg,,umich.edu,"Flagship Pioneering, Drive Capital, RPM Ventures",Tech & life sciences,All stages,$10M+,Unknown,"Large endowment; strong Midwest connections; has backed some emerging managers"
University of Virginia Investment Management Company (UVIMCO),University Endowment,$14.0B,~30% PE/VC (~$4.2B),"Charlottesville, VA, USA",Robert Durden,CEO,linkedin.com/in/robertdurden,,uvimco.org,"Sequoia, Andreessen Horowitz, General Catalyst",Broad,All stages,$10M+,Unknown,"One of the best-performing public university endowments; concentrated manager approach"
University of Texas Investment Management Company (UTIMCO),University Endowment,$70.0B,~18% PE/VC (~$12.6B),"Austin, TX, USA",Rich Hall,CEO & CIO,linkedin.com/in/richhall,,utimco.org,"Vista Equity, Silverton Partners, Andreessen Horowitz, Austin Ventures legacy",Tech & energy,All stages,$25M+,No,"Largest university endowment system in the US; PUF + other funds; very institutional"
University of North Carolina Management Company (UNC-MC),University Endowment,$5.2B,~20% PE/VC (~$1.0B),"Chapel Hill, NC, USA",Rich Siewert,CEO & CIO,linkedin.com/in/richsiewert,,uncmc.unc.edu,"Hatteras Venture Partners, regional managers",Life sciences & tech,All stages,$5M+,Yes,"Research Triangle connection; open to regional and emerging managers"
Georgia Tech Foundation,University Endowment,$3.1B,~15% PE/VC (~$465M),"Atlanta, GA, USA",Philip Jacobs,VP Investments,linkedin.com/in/philipjacobs,,gtf.gatech.edu,"Tech Square Ventures, TechOperators",Deep tech & engineering,Early-stage,$3M+,Yes,"Small but growing program; strong engineering/tech orientation; very open to emerging managers"
Carnegie Mellon University,University Endowment,$11.8B,~20% PE/VC (~$2.4B),"Pittsburgh, PA, USA",Charles Kennedy,CIO,linkedin.com/in/charleskennedy,,cmu.edu,"Innovation Works, AI-focused VCs, Draper Triangle",AI/ML & robotics,Early-stage & growth,$5M+,Yes,"World-class AI/CS/robotics programs; interested in AI-focused emerging managers"
California Institute of Technology (Caltech),University Endowment,$4.6B,~20% PE/VC (~$920M),"Pasadena, CA, USA",Scott Richland,CIO,linkedin.com/in/scottrichland,,caltech.edu,"Deep tech managers, Lux Capital",Deep tech & space,All stages,$5M+,Unknown,"Small but sophisticated; JPL/deep tech connections"
Johns Hopkins University,University Endowment,$9.3B,~22% PE/VC (~$2.0B),"Baltimore, MD, USA",Daniel Truran,CIO,linkedin.com/in/danieltruran,,jhu.edu,"Healthcare-focused VCs, New Enterprise Associates",Healthcare & life sciences,All stages,$5M+,Unknown,"Largest research university by R&D spending; strong biotech/pharma connections"
Washington University in St. Louis,University Endowment,$15.3B,~25% PE/VC (~$3.8B),"St. Louis, MO, USA",Scott Wilson,CIO,linkedin.com/in/scottwilson-wustl,,wustl.edu,"Prolog Ventures, BioGenerator-connected managers",Life sciences & tech,All stages,$10M+,Unknown,"Large endowment relative to size; strong medical school connection"
Georgetown University,University Endowment,$4.3B,~18% PE/VC (~$774M),"Washington, DC, USA",Michael Barry,CIO,linkedin.com/in/michaelbarry-gtown,,georgetown.edu,"DC-area managers, policy-tech funds",Policy tech & healthcare,All stages,$3M+,Yes,"DC policy connections; smaller program open to emerging managers"
Williams College,University Endowment,$4.1B,~25% PE/VC (~$1.0B),"Williamstown, MA, USA",Collette Chilton,CIO,linkedin.com/in/collettechilton,,williams.edu,"Small/mid-cap focused VCs",Broad,All stages,$3M+,Yes,"Collette Chilton known for backing emerging managers; punches above weight"
Bowdoin College,University Endowment,$2.6B,~22% PE/VC (~$572M),"Brunswick, ME, USA",Paula Volent,SVP Investments,linkedin.com/in/paulavolent,,bowdoin.edu,"Small venture managers, niche funds",Broad,All stages,$2M+,Yes,"One of highest endowment-per-student ratios; very open to emerging managers"
CalPERS,Pension Fund,$502.0B,~13% PE (~$65B),"Sacramento, CA, USA",Nicole Musicco,CIO (former); interim leadership,linkedin.com/in/nicolemusicco,,calpers.ca.gov,"TPG, Apollo, Carlyle, Blackstone; limited direct VC",Broad — infrastructure & tech,Primarily buyout/growth; limited early-stage,$100M+,No,"Largest US public pension; shifting toward direct/co-invest; very institutional process"
CalSTRS,Pension Fund,$330.0B,~13% PE (~$43B),"West Sacramento, CA, USA",Christopher Ailman,CIO,linkedin.com/in/christopherailman,,calstrs.com,"Vista Equity, Silver Lake, Insight Partners",Tech & healthcare,Growth & late-stage,$50M+,No,"Second-largest US pension; Chris Ailman very experienced; prefers established managers"
New York City Retirement Systems,Pension Fund,$275.0B,~8% PE (~$22B),"New York, NY, USA",multiple comptroller-appointed CIOs,,,,comptroller.nyc.gov,"Apollo, Blackstone, Carlyle, KKR",Broad,Growth & buyout,$50M+,No,"Five pension funds managed together; politically influenced; very institutional"
Teacher Retirement System of Texas (TRS),Pension Fund,$200.0B,~14% PE (~$28B),"Austin, TX, USA",Jase Auby,CIO,linkedin.com/in/jaseauby,,trs.texas.gov,"Vista Equity, Thoma Bravo, Silver Lake",Tech & healthcare,Growth & buyout,$50M+,No,"Large and sophisticated; built strong internal team"
Florida State Board of Administration (SBA),Pension Fund,$250.0B,~9% PE (~$22.5B),"Tallahassee, FL, USA",Lamar Taylor,Interim Executive Director,linkedin.com/in/lamartaylor,,sbafla.com,"Blackstone, Apollo, Francisco Partners",Broad,Growth & buyout,$50M+,No,"Manages Florida Retirement System; conservative approach"
Washington State Investment Board (WSIB),Pension Fund,$180.0B,~25% PE (~$45B),"Olympia, WA, USA",Allyson Tucker,CIO,linkedin.com/in/allysontuckerwsib,,sib.wa.gov,"Sequoia, Andreessen Horowitz, General Atlantic, Madrona",Tech & healthcare,All stages — one of few pensions doing early-stage,$25M+,Yes,"One of the most VC-friendly pension funds; long history with venture; OPEN TO EMERGING MANAGERS"
Oregon Public Employees Retirement System (Oregon PERS/OIC),Pension Fund,$100.0B,~21% PE (~$21B),"Tigard, OR, USA",Rex Kim,CIO (Oregon State Treasury),linkedin.com/in/rexkim,,oregon.gov/treasury,"Sequoia, Kleiner Perkins, Andreessen Horowitz",Tech,All stages — strong early-stage,$15M+,Yes,"PIONEER of institutional VC investing; first pension to invest in VC (1970s); VERY open to emerging managers"
Colorado PERA,Pension Fund,$62.0B,~10% PE (~$6.2B),"Denver, CO, USA",Amy McGarrity,CIO,linkedin.com/in/amymcgarrity,,copera.org,"Foundry Group-connected, regional managers",Broad,Growth & buyout,$10M+,Unknown,"Moderate PE program; some VC exposure through fund-of-funds"
Virginia Retirement System (VRS),Pension Fund,$102.0B,~14% PE (~$14.3B),"Richmond, VA, USA",Ronald Schmitz,CIO,linkedin.com/in/ronaldschmitz,,varetire.org,"Carlyle, General Atlantic",Broad,Growth & buyout,$25M+,No,"Established program; prefers known managers"
Ohio State Teachers Retirement System (STRS Ohio),Pension Fund,$94.0B,~10% PE (~$9.4B),"Columbus, OH, USA",Matt Worley,CIO,linkedin.com/in/mattworley,,strsoh.org,"Drive Capital, NCT Ventures, Midwest managers",Broad with Midwest interest,Growth & buyout,$10M+,Unknown,"Has shown interest in Midwest venture; worth exploring"
Pennsylvania PSERS,Pension Fund,$73.0B,~15% PE (~$11B),"Harrisburg, PA, USA",James Grossman,CIO,linkedin.com/in/jamesgrossman,,psers.pa.gov,"Blackstone, Apollo",Broad,Buyout focus,$25M+,No,"Has faced scrutiny on fees; more conservative now"
State of Wisconsin Investment Board (SWIB),Pension Fund,$150.0B,~12% PE (~$18B),"Madison, WI, USA",Edwin Denson,Executive Director/CIO,linkedin.com/in/edwindenson,,swib.state.wi.us,"Adams Street, HarbourVest, established managers",Broad,Growth & buyout,$25M+,No,"Well-run pension; fully funded; prefers fund-of-funds for VC exposure"
Connecticut Retirement Plans & Trust Funds,Pension Fund,$45.0B,~11% PE (~$5B),"Hartford, CT, USA",Shawn Wooden,State Treasurer (political),linkedin.com/in/shawnwooden,,ott.ct.gov,"Fairview Capital (emerging manager program), diverse managers",Broad,All stages,$5M+,Yes,"Has EXPLICIT emerging manager program through Fairview Capital; STRONG opportunity"
Massachusetts PRIM,Pension Fund,$100.0B,~15% PE (~$15B),"Boston, MA, USA",Michael Trotsky,Executive Director & CIO,linkedin.com/in/michaeltrotsky,,mapension.com,"Battery Ventures, General Catalyst, Volition Capital",Tech & healthcare,All stages,$15M+,Yes,"Has emerging manager program; Boston ecosystem connection; worth pursuing"
New Jersey Division of Investment,Pension Fund,$95.0B,~13% PE (~$12.4B),"Trenton, NJ, USA",Corey Amon,Director,linkedin.com/in/coreyamon,,nj.gov/treasury/doinvest,"Blackstone, Apollo, diverse managers",Broad,Growth & buyout,$25M+,Unknown,"Has made some emerging manager commitments; politically influenced"
Illinois SURS,Pension Fund,$24.0B,~7% PE (~$1.7B),"Champaign, IL, USA",Various — board-driven,,,,surs.org,"Midwest-focused managers, fund-of-funds",Broad,Growth & buyout,$5M+,Unknown,"Smaller PE program; uses consultants extensively"
Maryland State Retirement,Pension Fund,$68.0B,~12% PE (~$8.2B),"Baltimore, MD, USA",Andrew Palmer,CIO,linkedin.com/in/andrewpalmer-md,,sra.maryland.gov,"Emerging manager programs, diverse managers",Broad,Growth & buyout,$10M+,Yes,"Has emerging and diverse manager mandates; worth exploring"
Minnesota State Board of Investment (MSBI),Pension Fund,$135.0B,~12% PE (~$16.2B),"St. Paul, MN, USA",Mansco Perry,Executive Director,linkedin.com/in/manscoperry,,msbi.state.mn.us,"Adams Street, HarbourVest",Broad,Growth & buyout,$15M+,Unknown,"Conservative approach; primarily through fund-of-funds"
Michigan Retirement Systems (SMRS),Pension Fund,$96.0B,~14% PE (~$13.4B),"Lansing, MI, USA",Jon Braeutigam,CIO,linkedin.com/in/jonbraeutigam,,michigan.gov/treasury,"RPM Ventures, Midwest managers, established GPs",Broad with Midwest tilt,All stages,$10M+,Yes,"Emerging manager interest; Midwest venture interest; worth pursuing"
Ford Foundation,Foundation,$16.0B,~20% MRI/PE (~$3.2B),"New York, NY, USA",Eric Doppstadt,CIO,linkedin.com/in/ericdoppstadt,,fordfoundation.org,"Mission-aligned VCs, impact-focused managers",Social impact & equity,All stages — mission-aligned,$5M+,Yes,"Pioneer of Mission-Related Investments (MRI); VERY interested in diverse/emerging managers with social impact thesis"
Rockefeller Foundation,Foundation,$6.0B,~15% PE/VC (~$900M),"New York, NY, USA",CIO (rotates),,,,rockefellerfoundation.org,"Impact VCs, climate-focused managers",Climate & health equity,All stages,$3M+,Yes,"Strong impact investing mandate; interested in innovative emerging managers"
John D. and Catherine T. MacArthur Foundation,Foundation,$8.0B,~18% PE/VC (~$1.4B),"Chicago, IL, USA",Susan Manske,VP & CIO,linkedin.com/in/susanmanske,,macfound.org,"Impact-oriented managers, diverse VCs",Social impact & climate,All stages,$3M+,Yes,"Impact investing pioneer; has backed emerging managers with diverse/impact focus"
William and Flora Hewlett Foundation,Foundation,$12.2B,~18% PE/VC (~$2.2B),"Menlo Park, CA, USA",Ana Marshall,CIO,linkedin.com/in/anamarshall,,hewlett.org,"Silicon Valley VCs, climate tech managers",Climate & education,All stages,$5M+,Unknown,"Menlo Park location = Silicon Valley connections; climate investing interest"
David and Lucile Packard Foundation,Foundation,$8.0B,~20% PE/VC (~$1.6B),"Los Altos, CA, USA",Investment Committee,,,,packard.org,"Silicon Valley VCs, sustainability-focused managers",Conservation & science,All stages,$5M+,Unknown,"Silicon Valley heritage; conservation/science focus"
Andrew W. Mellon Foundation,Foundation,$8.3B,~15% PE/VC (~$1.2B),"New York, NY, USA",Michele Warman (interim),General Counsel/interim investment,linkedin.com/in/michelewarman,,mellon.org,"Diversified PE managers",Arts & humanities (mission) / broad (investing),Growth & buyout,$5M+,Unknown,"More traditional investment approach; arts/humanities mission"
Carnegie Corporation of New York,Foundation,$4.3B,~15% PE/VC (~$645M),"New York, NY, USA",Kim Lew (former CIO),CIO,linkedin.com/in/kimlew,,carnegie.org,"Diverse manager set",Education & democracy (mission),All stages,$3M+,Yes,"Has shown interest in diverse and emerging managers"
Kresge Foundation,Foundation,$4.2B,~15% PE/VC (~$630M),"Troy, MI, USA",Robert Manilla,VP & CIO,linkedin.com/in/robertmanilla,,kresge.org,"Impact-oriented managers, community development",Social impact & climate,All stages,$3M+,Yes,"Strong social investing mandate; interested in emerging impact managers"
Bloomberg Philanthropies,Foundation,$10.0B+,~10% PE/VC (~$1B),"New York, NY, USA",Investment team (Bloomberg LP-connected),,,,bloomberg.org,"Bloomberg-connected managers",Climate & public health,Growth,$5M+,Unknown,"Investment managed closely with Bloomberg LP; data-driven approach"
W.K. Kellogg Foundation,Foundation,$8.5B,~18% PE/VC (~$1.5B),"Battle Creek, MI, USA",Joel Wittenberg,VP & CIO,linkedin.com/in/joelwittenberg,,wkkf.org,"Mission-driven managers, racial equity-focused VCs",Racial equity & children/families,All stages,$3M+,Yes,"STRONG emerging/diverse manager mandate; racial equity focus; EXCELLENT opportunity"
Robert Wood Johnson Foundation,Foundation,$13.7B,~15% PE/VC (~$2.1B),"Princeton, NJ, USA",Brian O'Neil,CIO,linkedin.com/in/brianoneil-rwjf,,rwjf.org,"Healthcare VCs, health equity managers",Healthcare & health equity,All stages,$5M+,Yes,"Largest US health-focused foundation; interested in health equity-focused emerging managers"
John S. and James L. Knight Foundation,Foundation,$2.8B,~15% PE/VC (~$420M),"Miami, FL, USA",Juan Martinez,VP & CIO,linkedin.com/in/juanmartinez-knight,,knightfoundation.org,"Media/journalism tech managers",Media & journalism & community,Early-stage,$2M+,Yes,"Interested in innovative emerging managers; media/tech intersection"
Walton Family Foundation,Foundation,$5.0B+,~12% PE/VC (~$600M),"Bentonville, AR, USA",Investment team (Walton Enterprises),,,,waltonfamilyfoundation.org,"Education & environment managers",Education & environment,All stages,$3M+,Unknown,"Connected to Walton Enterprises ($200B+ family office); foundation is smaller piece"
Simons Foundation,Foundation,$5.0B,~20% PE/VC (~$1.0B),"New York, NY, USA",Investment team (Renaissance Technologies-connected),,,,simonsfoundation.org,"Quantitative/math-driven managers",Math & science & autism research,All stages,$5M+,Unknown,"Connected to Jim Simons / Renaissance Technologies; quantitative orientation"
Gordon and Betty Moore Foundation,Foundation,$8.1B,~15% PE/VC (~$1.2B),"Palo Alto, CA, USA",Investment Committee,,,,moore.org,"Science & environment VCs",Science & environment & patient care,All stages,$5M+,Unknown,"Intel co-founder legacy; science/tech orientation"
Bill & Melinda Gates Foundation Trust,Foundation,$70.0B,~10% PE/VC (~$7B),"Seattle, WA, USA",Michael Larson (Cascade Investment),CIO (via Cascade),linkedin.com/in/michaellarson-cascade,,gatesfoundation.org,"Large established managers, Cascade-directed",Global health & development (mission) / broad (investing),Growth & late-stage,$50M+,No,"Managed by Cascade Investment (Gates family office); very institutional; not accessible for emerging managers"
Lilly Endowment,Foundation,$18.4B,~10% PE/VC (~$1.8B),"Indianapolis, IN, USA",Investment Committee,,,,lillyendowment.org,"Eli Lilly-connected, Midwest managers",Education & religion & community (mission),Broad,$5M+,Unknown,"Very concentrated in Eli Lilly stock; Indiana-focused grantmaking; quiet investor"
Wellcome Trust,Foundation,$38.0B,~15% PE/VC (~$5.7B),"London, UK",Nick Moakes,CIO,linkedin.com/in/nickmoakes,,wellcome.org,"Syncona, healthcare/biotech VCs globally",Healthcare & life sciences,All stages,$10M+,Yes,"One of the world's largest foundations; strong healthcare/biotech VC interest; has backed emerging healthcare managers"
HarbourVest Partners,Fund-of-Funds,$115.0B,100% PE/VC,"Boston, MA, USA",John Toomey,Managing Director,linkedin.com/in/johntoomey-hv,,harbourvest.com,"Invests across 100s of VC/PE funds globally",Broad,All stages,$5M+ (underlying),"Yes","Major FoF; has emerging manager program; wide mandate"
Adams Street Partners,Fund-of-Funds,$55.0B,100% PE/VC,"Chicago, IL, USA",Jeff Diehl,Managing Partner & CEO,linkedin.com/in/jeffdiehl,,adamsstreetpartners.com,"200+ GP relationships globally",Broad,All stages,$5M+ (underlying),"Yes","Strong emerging manager track record; systematic approach to finding new managers"
Horsley Bridge Partners,Fund-of-Funds,$20.0B+,100% VC-focused,"San Francisco, CA, USA",Robert Huret,Managing Director,linkedin.com/in/roberthuret,,horsleybridge.com,"Sequoia, Benchmark, Greylock, Accel — top-tier VC access",Tech-heavy,Early-stage focus,$5M+,Yes,"One of the most VC-focused FoFs; strong early-stage orientation; has backed emerging managers"
Pantheon,Fund-of-Funds,$90.0B,100% PE/VC,"London / San Francisco",Paul Ward,Partner & CEO,linkedin.com/in/paulward-pantheon,,pantheon.com,"Global PE/VC fund portfolio",Broad — global focus,All stages,$5M+,Yes,"Global FoF with emerging manager interest; offices worldwide"
StepStone Group,Fund-of-Funds,$155.0B,100% PE/VC/Infra/RE,"New York, NY, USA",Scott Hart,CEO,linkedin.com/in/scotthart-stepstone,,stepstonegroup.com,"700+ GP relationships; absorbed Greenspring Associates",Broad,All stages,$5M+,Yes,"Public company; acquired Greenspring (VC specialist); has dedicated emerging manager program"
Hamilton Lane,Fund-of-Funds,$920.0B AUA,100% PE/VC (advisory + direct),"Bala Cynwyd, PA, USA",Mario Giannini,CEO,linkedin.com/in/mariogiannini,,hamiltonlane.com,"1000+ GP relationships; advisory to pensions/endowments",Broad,All stages,$5M+,Yes,"Public company; both advisory and direct fund investing; strong emerging manager data & program"
Greenspring Associates (now part of StepStone),Fund-of-Funds,$19.0B (pre-acquisition),100% VC-focused,"Baltimore, MD, USA",Ashton Newhall,Co-Founder (now at StepStone),linkedin.com/in/ashtonnewhall,,stepstonegroup.com,"Pure VC FoF; backed many emerging VC managers",Tech & healthcare,Early-stage focus,$3M+,Yes,"VC-SPECIALIST FoF; historically one of the best for emerging VC managers; now part of StepStone"
Top Tier Capital Partners,Fund-of-Funds,$8.0B,100% VC-focused,"San Francisco, CA, USA",Phil Paul,Founder & Managing Partner,linkedin.com/in/philpaul,,toptiercapital.com,"VC-only portfolio; backed emerging and diverse managers",Tech,Early-stage focus,$2M+,Yes,"EXCELLENT for emerging VC managers; VC-only mandate; Phil Paul very accessible"
Industry Ventures,Fund-of-Funds,$6.0B,100% VC-focused,"San Francisco, CA, USA",Hans Swildens,Founder & Managing Partner,linkedin.com/in/hansswildens,,industryventures.com,"VC secondaries & primary commitments; emerging managers",Tech,Early-stage & secondaries,$2M+,Yes,"VC specialist; secondary market pioneer; very open to emerging managers"
Cendana Capital,Fund-of-Funds,$3.0B,100% seed/pre-seed VC-focused,"San Francisco, CA, USA",Michael Kim,Founder & Managing Partner,linkedin.com/in/michaelkimcendana,,cendanacapital.com,"Backed 50+ seed-stage managers: Lowercase, Homebrew, Precursor, etc.",Tech — seed-stage,Seed/Pre-seed focus,$500K-$5M,Yes,"PREMIER emerging seed-stage manager backer; Michael Kim is the go-to for new seed funds; CRITICAL TARGET"
Sapphire Partners (Sapphire Ventures LP program),Fund-of-Funds,$3.5B (LP program),100% VC-focused,"Palo Alto, CA, USA",Beezer Clarkson,Managing Director,linkedin.com/in/beezerclarkson,,sapphireventures.com/lp-program,"Backed many emerging VC managers globally",Tech — enterprise & consumer,Early-stage focus,$2M+,Yes,"Beezer Clarkson is the most connected person in emerging manager VC LP world; MUST CONTACT; runs Sapphire's LP program"
Vintage Investment Partners,Fund-of-Funds,$5.5B,100% VC-focused,"Herzliya, Israel / USA",Alan Feld,Managing Partner,linkedin.com/in/alanfeld,,vintage-ip.com,"Israel & global VC managers; secondary deals",Tech — Israel ecosystem,Early & growth,$2M+,Yes,"Israel VC specialist but invests globally; interested in emerging managers with unique angle"
LGT Capital Partners,Fund-of-Funds,$18.0B (PE/VC),100% PE/VC,"Pfäffikon, Switzerland",Tycho Sneyers,Managing Partner (PE),linkedin.com/in/tychosneyers,,lgtcp.com,"Global PE/VC portfolio; European and US managers",Broad — global,All stages,$5M+,Yes,"Liechtenstein royal family-backed; global mandate; has emerging manager interest"
abrdn (formerly Aberdeen Standard),Fund-of-Funds,$15.0B (PE),PE/VC allocation within larger platform,"Edinburgh, UK / Philadelphia",Alan Gauld,Head of PE,linkedin.com/in/alangauld,,abrdn.com,"Global PE/VC manager portfolio",Broad,All stages,$5M+,Unknown,"Large asset manager; PE FoF within bigger platform"
Partners Group,Fund-of-Funds,$147.0B,100% private markets,"Baar, Switzerland",David Layton,CEO,linkedin.com/in/davidlayton,,partnersgroup.com,"700+ programs; direct deals + fund commitments",Broad — global,Growth & buyout focus,$10M+,No,"Very institutional; primarily growth/buyout; less early-stage VC"
Neuberger Berman Private Markets,Fund-of-Funds,$120.0B (private markets),PE/VC allocation,"New York, NY, USA",Tony Tutrone,Global Head of NB Alternatives,linkedin.com/in/tonytutrone,,nb.com,"Large institutional GP relationships",Broad,Growth & buyout,$10M+,Unknown,"Large alternatives platform; primarily buyout/growth"
Goldman Sachs Asset Management (Vintage/PE),Fund-of-Funds,$60.0B+ (PE FoF/secondary),PE/VC allocation within GSAM,"New York, NY, USA",Harold Hope,Head of PE Investing,linkedin.com/in/haroldhope,,gsam.com,"Massive GP network through Vintage funds",Broad,All stages,$10M+,Unknown,"Acquired Petershill (GP stakes); large PE/VC platform"
Morgan Stanley AIP,Fund-of-Funds,$45.0B (PE),PE/VC allocation within AIP,"New York, NY, USA",John Klopp,Head of AIP,linkedin.com/in/johnklopp,,morganstanley.com,"Broad PE/VC manager portfolio",Broad,Growth & buyout,$10M+,No,"Institutional approach; prefers established managers"
JP Morgan Private Equity Group,Fund-of-Funds,$35.0B (PE),PE/VC allocation within AM,"New York, NY, USA",John Wilkerson,Head of PE,linkedin.com/in/johnwilkerson-jpm,,jpmorgan.com/PE,"Broad PE/VC relationships",Broad,Growth & buyout,$10M+,Unknown,"Large platform; some emerging manager interest through specific programs"
Fairview Capital Partners,Fund-of-Funds,$10.0B,100% VC/growth equity — diverse managers,"West Hartford, CT, USA",JoAnn Price,Co-Founder & Managing Partner,linkedin.com/in/joannprice,,fairviewcapital.com,"Diverse & emerging VC managers; gatekeeper for many pensions",Broad — diverse managers,All stages,$2M+,Yes,"PREMIER diverse/emerging manager FoF; manages money for CT pension, others; JoAnn Price is legendary; CRITICAL TARGET"
MetLife Investment Management,Insurance,$680.0B (general account),~3% PE/VC (~$20B),"Whippany, NJ, USA",Steven Goulart,EVP & CIO,linkedin.com/in/stevengoulart,,metlife.com/investments,"Large established PE managers",Broad — income-oriented,Growth & buyout; limited VC,$25M+,No,"Insurance constraints (regulatory capital); prefers yield-generating PE"
Prudential Financial (PGIM Private Alternatives),Insurance,$1.4T (PGIM total),~2% PE/VC (~$28B PGIM PE),"Newark, NJ, USA",David Hunt,President & CEO of PGIM,linkedin.com/in/davidhunt-pgim,,pgim.com,"Large buyout & growth managers",Broad,Growth & buyout,$25M+,No,"Massive platform; insurance regulatory constraints; minimal VC"
AIG Investments,Insurance,$370.0B,~3% PE/VC (~$11B),"New York, NY, USA",CIO — rotates frequently,,,,aig.com,"Blackstone, Apollo (former parent relationship)",Broad,Buyout,$25M+,No,"Post-financial crisis restructured; conservative"
New York Life Investments,Insurance,$400.0B,~2% PE/VC (~$8B),"New York, NY, USA",Anthony Malloy,CEO of NY Life Investments,linkedin.com/in/anthonymalloy,,newyorklifeinvestments.com,"Investment-grade focused; limited PE",Broad — conservative,Buyout only,$25M+,No,"Very conservative; mutual company; limited VC appetite"
MassMutual,Insurance,$320.0B,~5% PE/VC (~$16B),"Springfield, MA, USA",Michael Fanning,EVP,linkedin.com/in/michaelfanning,,massmutual.com,"Haveli Investments (internal arm), Barings",Broad,Growth & buyout,$10M+,Unknown,"Has made some VC investments through Haveli; more open than typical insurance"
Northwestern Mutual,Insurance,$310.0B,~3% PE/VC (~$9.3B),"Milwaukee, WI, USA",Tim Gerend,EVP & CIO,linkedin.com/in/timgerend,,northwesternmutual.com,"Has venture arm (NM Capital); backed some tech VCs",Tech & healthcare,Growth — some early-stage through NM Capital,$5M+,Yes,"Has dedicated venture arm; more open to emerging managers than typical insurance; worth exploring"
TIAA (Nuveen Private Markets),Insurance,$1.3T (TIAA total),~5% PE/VC through Nuveen (~$65B private),"New York, NY, USA",Jessica Reif Ehrlich,Head of Private Markets (Nuveen),linkedin.com/in/jessicareifehrlich,,nuveen.com,"Broad PE portfolio through Nuveen/Churchill",Broad,Growth & buyout,$25M+,Unknown,"TIAA/Nuveen combined platform; primarily buyout/growth"
Allianz Capital Partners,Insurance,$1.0T (Allianz group),~3% PE/VC allocation,"Munich, Germany",Dominik Damaschke,Head of PE,linkedin.com/in/dominikdamaschke,,allianz.com,"European and global PE managers",Broad — European tilt,Growth & buyout,$25M+,No,"German insurance giant; regulatory constraints; prefers established managers"
AXA Investment Managers (AXA IM Alts),Insurance,$900.0B (AXA IM),~5% PE/VC in alternatives,"Paris, France",Christoph Junge,Head of PE,linkedin.com/in/christophjunge,,axa-im.com,"Global PE portfolio; some VC exposure",Broad — European tilt,Growth & buyout,$10M+,Unknown,"French insurance giant; alternatives platform growing"
Zurich Insurance Group,Insurance,$400.0B,~2% PE/VC (~$8B),"Zurich, Switzerland",Claudia Stanghellini,Head of PE/VC,linkedin.com/in/claudiastanghellini,,zurich.com,"European and global PE/VC managers",Broad,Growth & buyout; some VC,$10M+,Unknown,"Swiss insurer; growing VC allocation; worth monitoring"
Aflac Global Investments,Insurance,$140.0B,~3% PE/VC (~$4.2B),"Columbus, GA / Tokyo, Japan",Brad Dyslin,Global CIO,linkedin.com/in/braddyslin,,aflac.com,"Conservative PE managers",Broad — conservative,Buyout,$10M+,No,"Japan/US focused; conservative insurance approach"
Cambridge Associates,Wealth Manager,$500.0B+ advisory,Advisory — no direct AUM per se,"Boston, MA, USA",David Druley,CEO,linkedin.com/in/daviddruley,,cambridgeassociates.com,"Advises endowments/foundations on GP selection; gatekeeper",Broad,All stages,N/A (advisory),Yes,"CRITICAL GATEKEEPER; advises many endowments/foundations on VC commitments; their recommendation can unlock 10+ LPs"
Monument Group,Wealth Manager / Placement Agent,N/A — placement agent,"Placement agent, not investor","New York / London",Todd Kelley,Managing Director,linkedin.com/in/toddkelley-monument,,monument-group.com,"Places PE/VC funds with institutional LPs; raised $100B+",Broad,All stages,$500K-$1M placement fee,Yes,"Placement agent for emerging & established managers; can connect to their LP network"
MVision,Wealth Manager / Placement Agent,N/A — placement agent,"Placement agent, not investor","London, UK",Mounir Guen,CEO & Founder,linkedin.com/in/mounirguen,,mvision.com,"Leading European placement agent; places VC/PE funds",Broad — European tilt,All stages,$500K+ placement fee,Yes,"European leader in placement; connected to sovereign wealth funds & European pensions"
Eaton Partners (now Stifel),Wealth Manager / Placement Agent,N/A — placement agent,"Placement agent, not investor","Rowayton, CT, USA",Peter Martenson,Managing Director,linkedin.com/in/petermartenson,,eatonpartners.com,"Placed $55B+ for PE/VC managers",Broad,All stages,$500K+ placement fee,Yes,"Now part of Stifel; strong GP placement track record; works with emerging managers"
Park Hill Group (part of PJT Partners),Wealth Manager / Placement Agent,N/A — placement agent,"Placement agent, not investor","New York, NY, USA",Kevin Kotler,Partner,linkedin.com/in/kevinkotler,,parkhillgroup.com,"Top-tier placement agent; places for established & emerging GPs",Broad,All stages,$500K+ placement fee,Yes,"Premier placement agent; part of PJT Partners; strong institutional LP relationships"
Rede Partners,Wealth Manager / Placement Agent,N/A — placement agent,"Placement agent, not investor","London, UK",Jeremy Golding,Founder & Managing Partner,linkedin.com/in/jeremygolding,,redepartners.com,"European-focused placement; placed €30B+",Broad — European focus,All stages,$500K+ placement fee,Yes,"Strong European LP network; emerging manager friendly"
Triago,Wealth Manager / Placement Agent,N/A — placement agent,"Placement agent, not investor","Paris / New York",Antoine Dréan,Founder & Chairman,linkedin.com/in/antoinedréan,,triago.com,"Global placement agent; PE/VC fund placement",Broad — global,All stages,$500K+ placement fee,Yes,"One of the oldest independent placement agents; global LP rolodex"
Probitas Partners,Wealth Manager / Placement Agent,N/A — placement agent,"Placement agent, not investor","San Francisco, CA, USA",Kelly DePonte,Managing Director,linkedin.com/in/kellydeponte,,probitaspartners.com,"VC/PE placement + market research",Broad,All stages,$250K+ placement fee,Yes,"Excellent LP market research reports; good for emerging VC managers; Kelly DePonte very knowledgeable"
Campbell Lutyens,Wealth Manager / Placement Agent,N/A — placement agent,"Placement agent, not investor","London / New York",Sam Kay,Partner,linkedin.com/in/samkay-cl,,campbelllutyens.com,"Global PE/VC placement; mid-market specialist",Broad,All stages,$500K+ placement fee,Yes,"Strong mid-market focus; good for first-time / emerging managers raising $50M-$500M"
Alphabet (Google) — GV & CapitalG LP investments,Corporate LP,$300.0B+ (Alphabet cash/investments),Undisclosed direct LP commitments,"Mountain View, CA, USA",Ruth Porat,President & CIO of Alphabet,linkedin.com/in/ruthporat,,abc.xyz,"GV and CapitalG invest directly; Alphabet also LP in select VC funds",Tech — AI & cloud,All stages,$10M+,Unknown,"Primarily invests through GV/CapitalG; some strategic LP positions in VC funds"
Apple,Corporate LP,$160.0B+ (cash/investments),Very limited LP activity,"Cupertino, CA, USA",Luca Maestri,SVP & CFO,linkedin.com/in/lucamaestri,,apple.com,"Very selective; minimal external VC LP activity",Hardware & health tech,N/A,$25M+,No,"Apple rarely acts as LP; prefers acquisitions; not a realistic LP target"
Samsung Venture Investment Corporation (SVIC),Corporate LP,$15.0B+ (Samsung venture/LP portfolio),Active VC LP and direct investor,"Seoul, South Korea / San Jose, CA",Young Sohn (former),President & CSO (former),linkedin.com/in/youngsohn-samsung,,samsung.com/svic,"LP in multiple global VC funds; also direct investing",Hardware & semiconductors & health,All stages,$5M+,Yes,"Very active corporate LP/CVC; more open than most corporates; Samsung NEXT also active"
Intel Capital,Corporate LP,$15.0B+ (invested to date),Active VC LP and direct investor,"Santa Clara, CA, USA",Mark Rostick,VP & President of Intel Capital,linkedin.com/in/markrostick,,intelcapital.com,"LP in select VC funds; primarily direct investor",Semiconductors & AI & edge computing,All stages,$5M+,Yes,"Very active CVC; does some LP investing; interested in AI/semiconductor-adjacent funds"
Cisco Investments,Corporate LP,$10.0B+ (investment portfolio),Active LP and direct investor,"San Jose, CA, USA",Mark Patterson,SVP & Chief Strategy Officer,linkedin.com/in/markpatterson-cisco,,cisco.com/c/en/us/about/corporate-strategy-office,"LP in networking/security VC funds; primarily direct",Networking & cybersecurity,All stages,$5M+,Unknown,"Strategic investor; LP in select funds aligned with Cisco strategy"
Salesforce Ventures,Corporate LP,$5.0B+ (invested),Active LP and direct investor,"San Francisco, CA, USA",Alex Kayyal,Managing Partner (International),linkedin.com/in/alexkayyal,,salesforceventures.com,"LP in enterprise SaaS-focused VC funds; large direct portfolio",Enterprise SaaS & AI,All stages,$5M+,Yes,"One of most active CVC LPs; backs emerging enterprise-focused managers"
Microsoft (M12),Corporate LP,$10.0B+ (estimated portfolio),Active LP and direct investor,"Redmond, WA, USA",Nagraj Kashyap,Former head (M12 leadership rotates),linkedin.com/in/nagrajkashyap,,m12.vc,"LP in select VC funds; M12 primarily direct investor",Enterprise & AI & cloud,Early & growth,$5M+,Unknown,"M12 does some LP investing; strategic focus on Microsoft ecosystem"
GIC Private Limited,Sovereign Wealth Fund,$800.0B+,~15% PE/VC (~$120B),"Singapore",Lim Chow Kiat,CEO,linkedin.com/in/limchowkiat,,gic.com.sg,"Sequoia, a16z, KKR, Warburg Pincus, 100+ GP relationships",Broad — global,All stages,$25M+,Unknown,"One of world's largest SWFs; very active PE/VC LP; sophisticated team"
Temasek Holdings,Sovereign Wealth Fund,$380.0B,~30% PE/VC + direct,"Singapore",Dilhan Pillay Sandrasegara,CEO,linkedin.com/in/dilhanpillay,,temasek.com.sg,"Direct + LP in Sequoia, many global VCs",Tech & healthcare & sustainability,All stages,$25M+,Unknown,"Unique hybrid model: direct + LP; very active in venture"
Abu Dhabi Investment Authority (ADIA),Sovereign Wealth Fund,$990.0B,~10% PE (~$99B),"Abu Dhabi, UAE",Hamad Al Hurr Al Suwaidi,Head of PE,linkedin.com/in/hamadalsuwaidi,,adia.ae,"KKR, TPG, Carlyle, established managers",Broad — global,Growth & buyout; limited VC,$50M+,No,"One of largest SWFs; very institutional; prefers established managers"
Mubadala Investment Company,Sovereign Wealth Fund,$300.0B,~15% PE/VC (~$45B),"Abu Dhabi, UAE",Ibrahim Ajami,Head of Ventures,linkedin.com/in/ibrahimajami,,mubadala.com,"Mubadala Ventures + LP in global VCs",Tech & healthcare & aerospace,All stages,$10M+,Yes,"More active in VC than most SWFs; has emerging manager interest; Mubadala Ventures is direct arm"
Alaska Permanent Fund Corporation,Sovereign Wealth Fund,$80.0B,~15% PE/VC (~$12B),"Juneau, AK, USA",Deven Mitchell,Executive Director,linkedin.com/in/devenmitchell,,apfc.org,"Diverse PE/VC manager portfolio",Broad,All stages,$10M+,Yes,"Has emerging manager program; more accessible than typical SWF"
Kuwait Investment Authority (KIA),Sovereign Wealth Fund,$750.0B,~8% PE (~$60B),"Kuwait City, Kuwait",Ahmad Al-Sabah,Managing Director,linkedin.com/in/ahmadalsabah,,kia.gov.kw,"Large established PE managers",Broad,Buyout & growth,$50M+,No,"Conservative; prefers established managers"
Norway Government Pension Fund Global (NBIM),Sovereign Wealth Fund,$1.7T,~1% unlisted equity (growing),"Oslo, Norway",Nicolai Tangen,CEO of NBIM,linkedin.com/in/nicolaitangen,,nbim.no,"Growing unlisted equity allocation; mostly public markets",Broad — ESG-focused,Growth & late-stage,$50M+,No,"World's largest SWF; just beginning PE/VC; very institutional"
CPP Investments (Canada Pension Plan),Sovereign Wealth Fund,$575.0B,~20% PE (~$115B),"Toronto, Canada",John Graham,President & CEO,linkedin.com/in/johngraham-cppib,,cppinvestments.com,"Global PE/VC portfolio; Sequoia, a16z, many global GPs",Broad — global,All stages,$25M+,Unknown,"One of world's most sophisticated pension/SWF investors; growing VC allocation"
British Columbia Investment Management (BCI),Sovereign Wealth Fund,$250.0B,~14% PE/VC (~$35B),"Victoria, BC, Canada",Gordon Fyfe,CEO & CIO,linkedin.com/in/gordonfyfe,,bci.ca,"Global PE/VC fund portfolio",Broad,All stages,$15M+,Unknown,"Sophisticated Canadian pension; growing VC exposure"
Ontario Teachers' Pension Plan (OTPP),Sovereign Wealth Fund,$250.0B,~18% PE (~$45B),"Toronto, Canada",Jo Taylor,CEO,linkedin.com/in/jotaylor-otpp,,otpp.com,"Direct + LP in established managers",Broad — direct focus,Growth & buyout; direct deals,$25M+,No,"Prefers direct deals; very selective on fund commitments"
Emory Investment Management (EIM),University Endowment,$11.0B,~25% PE/VC (~$2.75B),"Atlanta, GA, USA",Mary Cahill,CIO,linkedin.com/in/marycahill,,emory.edu,"Healthcare VCs, life sciences managers",Healthcare & life sciences,All stages,$5M+,Yes,"Duplicate cleaned — see Emory above. Listed separately as EIM manages broader pool"
University of Pittsburgh,University Endowment,$5.6B,~20% PE/VC (~$1.1B),"Pittsburgh, PA, USA",Greg Scott,CIO,linkedin.com/in/gregscott-pitt,,pitt.edu,"Innovation Works, Pittsburgh-based VCs",Life sciences & tech,All stages,$3M+,Yes,"Pittsburgh innovation ecosystem; has backed regional emerging managers"
University of Minnesota Foundation,University Endowment,$4.0B,~15% PE/VC (~$600M),"Minneapolis, MN, USA",Stuart Mason,CIO,linkedin.com/in/stuartmason-umf,,give.umn.edu,"Regional and national VCs",Healthcare & medtech,All stages,$3M+,Yes,"Medical device corridor; interested in healthcare innovation"
Boston University,University Endowment,$3.3B,~18% PE/VC (~$594M),"Boston, MA, USA",Investment team,,,,bu.edu,"Boston-area VCs",Tech & healthcare,All stages,$3M+,Unknown,"Growing endowment; Boston VC ecosystem access"
New York University,University Endowment,$5.6B,~18% PE/VC (~$1.0B),"New York, NY, USA",Kathleen McGowan,SVP Finance,linkedin.com/in/kathleenmcgowan-nyu,,nyu.edu,"NYC-based VCs, diverse managers",Tech & healthcare,All stages,$5M+,Unknown,"NYC location; strong alumni network in finance"
Purdue University,University Endowment,$3.8B,~15% PE/VC (~$570M),"West Lafayette, IN, USA",Investment Committee,,,,purdue.edu/treasurer,"Midwest VCs, Purdue Research Foundation-connected",Engineering & agriculture & tech,Early-stage,$3M+,Yes,"Strong engineering programs; Purdue Research Foundation active"
Texas A&M University System,University Endowment,$18.0B+ (system),~15% PE/VC (~$2.7B),"College Station, TX, USA",Russell Cain,CIO,linkedin.com/in/russellcain,,tamus.edu,"Texas-based managers, energy VCs",Energy & agriculture & tech,All stages,$10M+,Unknown,"Large Texas system; energy sector connections"
Iowa PERS (IPERS),Pension Fund,$42.0B,~8% PE (~$3.4B),"Des Moines, IA, USA",Greg Samorajski,CEO,linkedin.com/in/gregsamorajski,,ipers.org,"Primarily through FoFs",Broad,Buyout,$10M+,Unknown,"Moderate PE program; Midwest-based"
North Carolina Retirement Systems,Pension Fund,$115.0B,~8% PE (~$9.2B),"Raleigh, NC, USA",Dale Folwell,State Treasurer,linkedin.com/in/dalefolwell,,nctreasurer.com,"Emerging managers program, Research Triangle VCs",Broad,All stages,$10M+,Yes,"Has emerging manager initiative; Research Triangle connections"
South Carolina Retirement System (RSIC),Pension Fund,$38.0B,~12% PE (~$4.6B),"Columbia, SC, USA",Michael Hitchcock,CEO & CIO,linkedin.com/in/michaelhitchcock,,rsic.sc.gov,"Diversified PE program",Broad,Growth & buyout,$5M+,Unknown,"Smaller pension; building out PE"
Tennessee Consolidated Retirement System,Pension Fund,$65.0B,~10% PE (~$6.5B),"Nashville, TN, USA",Michael Brakebill,CIO,linkedin.com/in/michaelbrakebill,,treasury.tn.gov,"Nashville healthcare VCs, established managers",Healthcare (Nashville hub),Growth & buyout,$10M+,Unknown,"Nashville healthcare capital; potential healthcare fund interest"
Arizona PSPRS,Pension Fund,$15.0B,~12% PE (~$1.8B),"Phoenix, AZ, USA",Mark Steed,Administrator,linkedin.com/in/marksteed,,psprs.com,"Smaller PE program",Broad,Growth & buyout,$3M+,Unknown,"Smaller pension; growing alternatives"
Kamehameha Schools,Foundation,$16.0B,~15% PE/VC (~$2.4B),"Honolulu, HI, USA",Crystal Rose,CEO & Trustee,linkedin.com/in/crystalrose,,ksbe.edu,"Hawaiian & Pacific Rim managers, some mainland VCs",Education & technology,All stages,$5M+,Yes,"Native Hawaiian focused endowment; one of largest private landowners in Hawaii; impact interest"
Surdna Foundation,Foundation,$1.5B,~15% PE/VC (~$225M),"New York, NY, USA",Phillip Henderson,President,linkedin.com/in/philliphenderson,,surdna.org,"Impact & diverse managers",Climate & social justice,All stages,$1M+,Yes,"Small but mission-driven; explicitly seeks emerging/diverse managers; low minimum"
Barr Foundation,Foundation,$3.5B,~15% PE/VC (~$525M),"Boston, MA, USA",Jim Canales,President,linkedin.com/in/jimcanales,,barrfoundation.org,"Climate & education managers",Climate & education,All stages,$2M+,Yes,"Mission-aligned investing; interested in climate-focused emerging managers"
Skoll Foundation,Foundation,$2.0B,~20% PE/VC (~$400M),"Palo Alto, CA, USA",Sally Osberg (former CEO),CEO,linkedin.com/in/sallyosberg,,skoll.org,"Social enterprise & impact VCs",Social entrepreneurship,All stages,$2M+,Yes,"Jeff Skoll (eBay first employee); strong impact VC interest; backs emerging impact managers"
Omidyar Network,Foundation,$1.5B (deployed),~50% VC/impact,"Redwood City, CA, USA",Mike Kubzansky,CEO,linkedin.com/in/mikekubzansky,,omidyar.com,"Impact VCs, emerging tech managers, diverse managers",Financial inclusion & governance & emerging tech,Early-stage,$1M+,Yes,"Pierre Omidyar (eBay founder); impact-first approach; explicitly backs emerging managers"
Ewing Marion Kauffman Foundation,Foundation,$2.5B,~20% PE/VC (~$500M),"Kansas City, MO, USA",Wendy Guillies,President,linkedin.com/in/wendyguillies,,kauffman.org,"Entrepreneurship-focused VCs, Midwest managers",Entrepreneurship & education,Early-stage,$2M+,Yes,"ENTREPRENEURSHIP-FOCUSED foundation; strong interest in backing emerging VC managers; Midwest"
Heising-Simons Foundation,Foundation,$2.5B,~15% PE/VC (~$375M),"Los Altos, CA, USA",Mark Heising,Co-Chair & investment oversight,linkedin.com/in/markheising,,heisingsimons.org,"Science & climate managers, diverse managers",Climate & science & human rights,All stages,$2M+,Yes,"Mark Heising (son of Jim Simons); quantitative orientation; diverse manager interest"
Annie E. Casey Foundation,Foundation,$3.5B,~15% PE/VC (~$525M),"Baltimore, MD, USA",Investment team,,,,aecf.org,"Diverse & emerging managers; impact-focused",Child welfare & economic opportunity,All stages,$2M+,Yes,"Has EXPLICIT emerging/diverse manager program; social impact mandate"
Houston Endowment,Foundation,$2.5B,~18% PE/VC (~$450M),"Houston, TX, USA",Ann Stern,President,linkedin.com/in/annstern,,houstonendowment.org,"Houston-area managers, energy transition VCs",Education & environment & Houston community,All stages,$2M+,Yes,"Houston civic endowment; interested in regional and emerging managers"
Iroquois Valley Farmland REIT,Foundation,~$200M,Impact investing in farmland/ag-tech,"Evanston, IL, USA",David Miller,CEO,linkedin.com/in/davidmiller-iroquois,,iroquoisvalley.com,"Ag-tech VCs, sustainable agriculture",Agriculture & sustainability,Early-stage,$500K+,Yes,"Niche but interesting for ag-tech/sustainability focused funds"
Walton Enterprises (Family Office of Walmart heirs),Family Office,$200.0B+,~5% VC (~$10B+),"Bentonville, AR, USA",Greg Penner,Chair of Walmart Board / Family Investment,linkedin.com/in/gregpenner,,waltonfamilyfoundation.org,"Madrone Capital, numerous VC commitments",Retail tech & sustainability & education,All stages,$10M+,Unknown,"One of world's largest family offices; connected to Walton Family Foundation"
Emerson Collective (Laurene Powell Jobs),Family Office,$5.0B+,~30% VC/impact (~$1.5B+),"Palo Alto, CA, USA",Laurene Powell Jobs,Founder & President,linkedin.com/in/laurenepowelljobs,,emersoncollective.com,"Climate VCs, education tech, healthcare innovation",Climate & education & immigration & health,All stages,$5M+,Yes,"Laurene Powell Jobs (Steve Jobs' widow); very active VC LP; interested in impact-driven emerging managers"
Blue Pool Capital (Jack Ma family office),Family Office,$5.0B+,~40% VC,"Hong Kong, China",Oliver Weisberg,CEO,linkedin.com/in/oliverweisberg,,N/A,"Asian and global VC funds; Sequoia China connections",Tech — China/global,All stages,$5M+,Unknown,"Jack Ma/Joe Tsai (Alibaba) family office; active VC LP globally"
Bezos Expeditions (Jeff Bezos family office),Family Office,$15.0B+ (post-Amazon sales),~20%+ VC direct & LP,"Seattle, WA, USA / Miami, FL",Jeff Bezos,Founder,linkedin.com/in/jeffbezos,,bezosexpeditions.com,"Direct investments in startups; select LP positions",Space & biotech & media & AI,All stages,$10M+,Unknown,"Very selective; primarily direct investor; some LP positions in top VCs"
Cascade Investment (Bill Gates family office),Family Office,$70.0B+,~5% PE/VC,"Kirkland, WA, USA",Michael Larson,CIO,linkedin.com/in/michaellarson-cascade,,N/A (private),"Large established PE/growth managers",Broad — diversified,Growth & buyout,$25M+,No,"Primarily manages Gates Foundation Trust; very institutional; not accessible for emerging managers"
Mousse Partners (Wertheimer family — Chanel owners),Family Office,$30.0B+,~5% VC,"New York / Paris",Investment team,,,,N/A (very private),"Select VC/PE managers; Paris & NYC connections",Luxury & consumer & tech,Growth,$10M+,Unknown,"Very private; Chanel owners; selective VC LP activity"
Soros Fund Management,Family Office,$28.0B,~10% PE/VC (~$2.8B),"New York, NY, USA",Dawn Fitzpatrick,CEO & CIO,linkedin.com/in/dawnfitzpatrick,,sfrm.com,"Diverse VC/PE portfolio; global mandate",Broad — global macro lens,All stages,$5M+,Unknown,"George Soros family office (converted from hedge fund); sophisticated; Dawn Fitzpatrick leads"
Tiger Management (Julian Robertson legacy),Family Office,$5.0B+ (seeded many Tiger Cubs),Various — VC LP & seeder,"New York, NY, USA",Alex Robertson,Julian Robertson's son — legacy management,linkedin.com/in/alexrobertson,,N/A,"Seeded Tiger Global, Viking, Lone Pine, Coatue (Tiger Cubs)",Tech — growth,Growth & late-stage,$10M+,Unknown,"Julian Robertson legacy; Tiger Cubs network is one of the most powerful in tech investing"
Michael & Susan Dell Foundation,Family Office / Foundation,$6.0B,~15% PE/VC + Dell Technologies shares,"Austin, TX, USA",Investment team (MSD Capital connection),,,,msdf.org,"MSD Capital manages; tech-oriented managers",Education (foundation) & tech (investing),All stages,$5M+,Unknown,"Connected to MSD Capital (Dell family office); Austin tech ecosystem"
EDBI (Singapore Economic Development Board),Sovereign Wealth Fund / Corporate,$3.0B+,~50% direct + LP in VC,"Singapore",Chu Swee Yeok,CEO,linkedin.com/in/chusweeyeok,,edbi.com,"LP in global VC funds; biomedical & digital economy focus",Biomedical & digital economy,All stages,$5M+,Yes,"Singapore government strategic investor; interested in healthcare/digital economy VCs"
Future Fund (Australia),Sovereign Wealth Fund,$200.0B AUD (~$130B USD),~15% PE/VC (~$19.5B),"Melbourne, Australia",Raphael Arndt,CEO,linkedin.com/in/raphaelarndt,,futurefund.gov.au,"Global PE/VC managers; increasing VC allocation",Broad — global,All stages,$10M+,Unknown,"Australian sovereign wealth fund; growing VC allocation; sophisticated"
New Zealand Super Fund,Sovereign Wealth Fund,$60.0B NZD (~$35B USD),~10% PE/VC (~$3.5B),"Auckland, New Zealand",Matt Whineray,CEO,linkedin.com/in/mattwhineray,,nzsuperfund.nz,"Global PE/VC portfolio; some emerging managers",Broad with sustainability focus,All stages,$5M+,Yes,"Has shown interest in diverse/emerging managers; ESG-conscious"
National Pension Service of Korea (NPS),Sovereign Wealth Fund,$800.0B+ (global),~12% alternatives (~$96B),"Jeonju, South Korea",CIO (rotates — government-appointed),,,,nps.or.kr,"Global PE/VC managers; growing Silicon Valley exposure",Broad — tech growing,Growth & buyout; growing VC,$25M+,Unknown,"World's 3rd largest pension; dramatically increasing alternatives allocation"
Caisse de dépôt et placement du Québec (CDPQ),Sovereign Wealth Fund,$400.0B CAD (~$300B USD),~20% PE (~$60B),"Montreal, Canada",Charles Emond,President & CEO,linkedin.com/in/charlesemond,,cdpq.com,"Large PE/growth portfolio; increasing tech VC",Broad — global; Quebec tilt,Growth & buyout; growing VC,$25M+,Unknown,"Quebec pension manager; one of world's largest; growing VC allocation"
Public Investment Fund of Saudi Arabia (PIF),Sovereign Wealth Fund,$930.0B,~5% PE/VC + direct ($46B+),"Riyadh, Saudi Arabia",Yazeed Al-Humied,Head of MENA & International Investments,linkedin.com/in/yazeedalhumied,,pif.gov.sa,"SoftBank Vision Fund (anchor LP), tech direct investments",Tech & entertainment & healthcare,Growth & late-stage,$50M+,No,"Vision 2030-driven; anchored SoftBank Vision Fund ($45B); prefers large established managers"
Allspring Global Investments (Wells Fargo legacy),Wealth Manager,$500.0B,PE/VC allocation for clients,"San Francisco, CA / Charlotte, NC",Joe Sullivan,CEO,linkedin.com/in/joesullivan-allspring,,allspringglobal.com,"Client advisory on PE/VC allocation",Broad,All stages,Varies (client-directed),Unknown,"Formerly Wells Fargo AM; advises institutional clients on PE/VC"
BlackRock Private Equity Partners,Wealth Manager / Fund-of-Funds,$40.0B (PE),PE/VC FoF + co-invest,"New York, NY, USA",Russell Steenberg,Global Head of PE,linkedin.com/in/russellsteenberg,,blackrock.com,"Large PE/VC manager portfolio; co-investments",Broad,Growth & buyout,$10M+,Unknown,"World's largest asset manager; PE platform growing"
Commonfund,Wealth Manager / Fund-of-Funds,$25.0B (advisory/managed),PE/VC managed for nonprofits,"Wilton, CT, USA",Mark Anson,CEO,linkedin.com/in/markanson,,commonfund.org,"Manages PE/VC portfolios for small-medium endowments/foundations",Broad,All stages,$1M+ (for underlying clients),Yes,"Manages PE/VC for 1000+ nonprofits; IDEAL partner for accessing smaller endowment LPs"
Makena Capital Management,Wealth Manager / Family Office FoF,$20.0B,Multi-asset incl PE/VC,"Menlo Park, CA, USA",Michael Leffell,CEO,linkedin.com/in/michaelleffell,,makenacap.com,"Endowment-style portfolio; VC allocation",Broad,All stages,$5M+,Unknown,"Manages capital for families/foundations endowment-style; Silicon Valley based"
Wilshire Associates,Wealth Manager,$1.4T (advisory),Advisory on PE/VC allocations,"Santa Monica, CA, USA",Jason Schwarz,President,linkedin.com/in/jasonschwarz-wilshire,,wilshire.com,"Advises pensions/endowments on PE/VC manager selection",Broad,All stages,N/A (advisory),Unknown,"Major pension consultant; their recommendation can influence PE/VC allocations"
Mercer (PE/VC consulting),Wealth Manager,$15T+ (advisory),Advisory on PE/VC allocations,"New York, NY, USA (global)",David Scopelliti,Global Head of PE,linkedin.com/in/davidscopelliti,,mercer.com,"Advises global pensions on PE/VC",Broad — global,All stages,N/A (advisory),Unknown,"Part of Marsh McLennan; advises largest global pensions on PE/VC selection"
Aon Investment Consulting,Wealth Manager,$4T+ (advisory),Advisory on PE/VC allocations,"Chicago, IL, USA",Philip Mounts,Head of PE,linkedin.com/in/philipmounts,,aon.com/investments,"Advises pensions on PE/VC allocations",Broad,All stages,N/A (advisory),Unknown,"Major consultant; influences pension PE/VC allocations"
Taconic Capital Advisors,Family Office / Hedge Fund,$6.0B,~10% PE/VC LP (~$600M),"New York, NY, USA",Frank Brosens,Co-Founder,linkedin.com/in/frankbrosens,,taconiccap.com,"Select VC/PE LP positions",Tech & healthcare,Growth,$5M+,Unknown,"Hedge fund with LP positions in VC/PE funds; Goldman Sachs pedigree"
Wafra (Kuwait sovereign-linked),Sovereign Wealth Fund / Family Office,$5.0B,~30% PE/VC + GP stakes,"New York, NY, USA",Joseph Landes,Partner,linkedin.com/in/josephlandes-wafra,,wafra.com,"GP stake investments; LP in VC/PE funds; strategic partner to GPs",Broad,All stages,$10M+,Yes,"Unique model: takes GP stakes + LP positions; very VC-friendly; interested in emerging managers"
Investcorp,Fund-of-Funds / Alternative Investment,$50.0B,PE/VC allocation,"Bahrain / New York",Mohammed Alardhi,Executive Chairman,linkedin.com/in/mohammedalardhi,,investcorp.com,"Global PE/VC manager portfolio; Gulf LP relationships",Broad — Middle East connection,Growth & buyout,$10M+,Unknown,"Bahrain-based alternative investment firm; connects Gulf capital to global PE/VC"
Euclidean Capital (Jim Simons personal),Family Office,$3.0B+,~20% VC ($600M+),"New York, NY, USA",Investment team,,,,N/A (private),"Select quantitative/science-oriented VCs",Quantitative & science,All stages,$5M+,Unknown,"Jim Simons (Renaissance Technologies) personal office; separate from Simons Foundation"
Jasper Ridge Partners,Family Office Platform,$15.0B,~20% PE/VC ($3B),"Menlo Park, CA, USA",Alex Bangash (former) — leadership rotates,MD,linkedin.com/in/alexbangash,,jasperridge.com,"Endowment-style for families; VC allocation",Broad,All stages,$3M+,Yes,"Family office platform in Silicon Valley; manages for multiple families; emerging manager interest"
Iconiq Capital,Family Office Platform,$80.0B+,~25% PE/VC ($20B+),"San Francisco, CA, USA",Divesh Makan,Co-Founder & CEO,linkedin.com/in/diveshmakan,,iconiqcapital.com,"Extensive VC LP portfolio; Sequoia, a16z, and many emerging VCs",Tech,All stages,$5M+,Yes,"Manages for tech billionaires (Zuckerberg, Dorsey, etc.); VERY active VC LP; has backed many emerging managers"
