Name,Organization,Type,Amount,Application URL,Deadline,Eligibility,Sector Focus,Geographic Focus,Decision Maker / Contact,Decision Maker Email,Decision Maker LinkedIn,Typical Timeline,Success Rate,Notes
"NSF SBIR Phase I","National Science Foundation",Government Grant,"$275,000","https://www.sbir.gov/node/2092057","Ongoing solicitations (check SBIR.gov)","US small businesses (<500 employees); must be majority US-owned","All Sectors (technology focus)","US only","","","","6-12 months from submission","~25% of applicants","NSF is unique among SBIR agencies — no preliminary data required. Strong emphasis on broader impacts and commercialization potential."
"NSF SBIR Phase II","National Science Foundation",Government Grant,"$1,000,000","https://www.sbir.gov/node/2092057","Must have completed Phase I","US small businesses with Phase I award","All Sectors (technology focus)","US only","","","","6-12 months","~50% of Phase I awardees","Phase II builds on Phase I results. Can apply for Phase IIB supplement."
"NSF STTR Phase I","National Science Foundation",Government Grant,"$275,000","https://www.sbir.gov/node/2092057","Ongoing solicitations","US small businesses partnered with a research institution","All Sectors (technology focus)","US only","","","","6-12 months","~25%","Requires formal partnership with a US university or research institution. Research partner must do at least 30% of the work."
"NIH SBIR Phase I","National Institutes of Health",Government Grant,"$275,000","https://seed.nih.gov/small-business-funding/funding-opportunities","Standard receipt dates (Jan 5, Apr 5, Sep 5)","US small businesses (<500 employees)","Health / Biomedical","US only","","","","6-9 months","~20% of applicants","NIH has 24 institutes — target the right one. Study sections matter enormously. Strong preliminary data helps."
"NIH SBIR Phase II","National Institutes of Health",Government Grant,"$1,750,000","https://seed.nih.gov/small-business-funding/funding-opportunities","Standard receipt dates","US small businesses with Phase I award","Health / Biomedical","US only","","","","6-9 months","~40-50% of Phase I awardees","Can request up to $1.75M over 2 years. Commercialization plan is critical."
"NIH STTR Phase I","National Institutes of Health",Government Grant,"$275,000","https://seed.nih.gov/small-business-funding/funding-opportunities","Standard receipt dates (Jan 5, Apr 5, Sep 5)","US small businesses partnered with research institution","Health / Biomedical","US only","","","","6-9 months","~20%","Must collaborate with a nonprofit research institution. Research partner does at least 30% of work."
"DOE SBIR Phase I","Department of Energy",Government Grant,"$200,000","https://science.osti.gov/sbir","Annual solicitation (typically Oct-Dec)","US small businesses (<500 employees)","Energy / Climate / Advanced Materials","US only","","","","6-9 months","~15-20%","Topics released annually. Heavily focused on energy efficiency, renewable energy, nuclear, and advanced scientific computing."
"DOE SBIR Phase II","Department of Energy",Government Grant,"$1,100,000","https://science.osti.gov/sbir","Following Phase I completion","US small businesses with Phase I","Energy / Climate / Advanced Materials","US only","","","","6-9 months","~40-50% of Phase I","Can apply for Phase IIB commercialization supplement up to $1M additional."
"DOD SBIR Phase I","Department of Defense",Government Grant,"$50,000-$275,000","https://www.defensesbirsttr.mil/","Multiple solicitations per year","US small businesses (<500 employees)","Defense / National Security","US only","","","","3-6 months","~15-20%","Largest SBIR program. Includes Army, Navy, Air Force, DARPA, MDA, DHA, SOCOM, CBD. Each has own topics and timelines."
"DOD SBIR Phase II","Department of Defense",Government Grant,"$750,000-$1,800,000","https://www.defensesbirsttr.mil/","Following Phase I","US small businesses with Phase I","Defense / National Security","US only","","","","4-8 months","~40-50% of Phase I","Phase III contracts can be sole-source — huge advantage. Build relationships with program managers early."
"DARPA SBIR/STTR","Defense Advanced Research Projects Agency",Government Grant,"$225,000 (Phase I) / $1.5M (Phase II)","https://www.darpa.mil/work-with-us/for-small-businesses","Multiple cycles per year via DSIP portal","US small businesses","Advanced Technology / AI / Defense","US only","","","","3-6 months","~10-15%","DARPA topics tend toward breakthrough/high-risk technology. Smaller program than other DOD components but very high prestige."
"NASA SBIR Phase I","NASA",Government Grant,"$150,000","https://sbir.nasa.gov/","Annual solicitation (typically opens Jan-Feb)","US small businesses (<500 employees)","Aerospace / Space Technology","US only","","","","6-9 months","~15-20%","Highly specific technical topics aligned with NASA mission needs. Strong technical merit and feasibility required."
"NASA SBIR Phase II","NASA",Government Grant,"$750,000","https://sbir.nasa.gov/","Following Phase I","US small businesses with Phase I","Aerospace / Space Technology","US only","","","","6-9 months","~45-55% of Phase I","Includes potential for Phase III contracts and technology infusion into NASA missions."
"USDA SBIR Phase I","US Dept of Agriculture",Government Grant,"$100,000-$175,000","https://www.nifa.usda.gov/grants/programs/sbir-program-descriptions","Annual solicitation (typically closes Mar-Apr)","US small businesses (<500 employees)","Agriculture / Food / Rural Development","US only","","","","6-9 months","~15-25%","Topics include plant production, animal production, food science, rural development, and forests/related resources."
"EPA SBIR Phase I","Environmental Protection Agency",Government Grant,"$100,000","https://www.epa.gov/sbir","Annual solicitation (typically opens Oct)","US small businesses (<500 employees)","Environment / Clean Water / Air Quality","US only","","","","6-12 months","~15-20%","Smaller program. Focus on pollution prevention, clean water, air quality monitoring, and waste management technologies."
"NIST SBIR","National Institute of Standards and Technology",Government Grant,"$100,000 (Phase I)","https://www.nist.gov/tpo/small-business-innovation-research-program","Annual solicitation","US small businesses","Measurement Science / Standards / Manufacturing","US only","","","","6-9 months","~20%","Focus on advanced manufacturing, cybersecurity, AI measurement, and standards-related technology."
"EDA Build to Scale (B2S)","Economic Development Administration",Government Grant,"$500,000-$2,000,000","https://www.eda.gov/funding/programs/build-to-scale","Annual (typically summer)","US entities building entrepreneurial ecosystems","All Sectors","US only","","","","6-9 months","~10-15%","Two tracks: Venture Challenge (proof of concept) and Capital Challenge (scaling). For ecosystem builders, not individual startups."
"ARPA-E OPEN","Advanced Research Projects Agency - Energy",Government Grant,"$500,000-$10,000,000","https://arpa-e.energy.gov/technologies/open-programs","Periodic (every 2-3 years)","US entities including small businesses","Energy / Climate","US only","","","","6-12 months","~3-5%","Extremely competitive. Looking for transformational energy technologies. Strong technical team essential."
"BARDA DRIVe","Biomedical Advanced Research and Development Authority",Government Grant,"$250,000-$10,000,000","https://drive.hhs.gov/","Rolling","US entities with health security innovations","Health Security / Biodefense / Pandemic Preparedness","US only","","","","3-12 months varies","Varies","Accelerator model for medical countermeasures. DRIVe program specifically targets non-traditional innovators."
"VA Innovation Center (iNET)","Department of Veterans Affairs",Government Grant,"Varies","https://www.innovation.va.gov/","Rolling","Entities serving veteran healthcare","Health / Veterans","US only","","","","Varies","Varies","Focus on veteran health outcomes. Includes innovation competitions and partnerships."
"CalSEED","California Energy Commission",Grant,"$150,000 (concept) / $450,000 (prototype)","https://calseed.fund/","Annual (check website)","California-based clean energy startups","Clean Energy","California","","","","4-6 months","~10-15%","Funded by California ratepayers. Strong focus on equity and disadvantaged communities."
"California EPIC Program","California Energy Commission",Grant,"Varies ($1M-$5M typical)","https://www.energy.ca.gov/programs-and-topics/programs/electric-program-investment-charge-epic-program","Periodic solicitations","California entities","Clean Energy / Grid Technology","California","","","","6-12 months","Varies","Large-scale program for clean energy innovation. Includes demonstration and deployment funding."
"Empire State Development Grants","Empire State Development (NY)","Grant","Varies","https://esd.ny.gov/business-programs","Rolling / Periodic","New York businesses","All Sectors","New York","","","","2-6 months","Varies","Multiple programs including Excelsior Jobs Program, Innovation Hot Spots, and regional economic development grants."
"MassCEC Catalyst Program","Massachusetts Clean Energy Center",Grant,"Up to $250,000","https://www.masscec.com/program/catalyst","Annual","Massachusetts clean energy startups","Clean Energy","Massachusetts","","","","3-6 months","~20-30%","Non-dilutive grants for early-stage clean energy companies in Massachusetts."
"MassVentures START","MassVentures",Grant,"Up to $200,000","https://www.mass.gov/massventures","Rolling","Massachusetts SBIR/STTR awardees","All Sectors (technology)","Massachusetts","","","","1-3 months","~50%+ of applicants","Matching funds for Massachusetts companies that have received federal SBIR/STTR Phase I awards."
"CPRIT Product Development","Cancer Prevention and Research Institute of Texas",Government Grant,"Up to $20,000,000","https://www.cprit.state.tx.us/grants-funded","Periodic (2-3 cycles/year)","Texas-based cancer research entities","Cancer Research / Biotech","Texas","","","","6-12 months","~15-25%","One of the largest state-funded cancer research programs. Requires Texas nexus."
"Texas Enterprise Fund","Office of the Texas Governor",Government Grant,"Varies (typically $1M+)","https://gov.texas.gov/business/page/texas-enterprise-fund","Rolling","Companies creating jobs in Texas","All Sectors","Texas","","","","2-6 months","Varies","Deal-closing fund. Requires job creation commitments. Very competitive and politically influenced."
"Colorado Advanced Industries Grant","Colorado Office of Economic Development",Grant,"Up to $250,000 (proof of concept) / $500,000 (early-stage capital)","https://oedit.colorado.gov/advanced-industries-accelerator-programs","Annual (multiple cycles)","Colorado advanced industry companies","Advanced Industries (aerospace, bioscience, electronics, energy, IT)","Colorado","","","","3-6 months","~20-30%","Two tracks: Proof of Concept and Early-Stage Capital and Retention. Requires matching funds."
"Maryland Innovation Initiative (MII)","TEDCO / Maryland",Grant,"$100,000-$200,000","https://www.tedcomd.com/funding/maryland-innovation-initiative","Rolling","Maryland university-affiliated startups","All Sectors (technology)","Maryland","","","","2-4 months","~25%","Bridge funding between university research and commercialization. Must be affiliated with a Maryland research university."
"Ohio Third Frontier","Ohio Development Services Agency",Grant,"$100,000-$1,000,000+","https://www.development.ohio.gov/business/third-frontier","Multiple programs / Rolling","Ohio-based technology companies","All Sectors (technology)","Ohio","","","","3-6 months","Varies","Multiple programs including Technology Validation, Entrepreneurial Services Provider, and Pre-Seed/Seed."
"Virginia Innovation Partnership Authority","VIPA (Virginia)",Grant,"Varies","https://www.virginiaipc.org/","Periodic","Virginia-based companies","All Sectors (technology/innovation)","Virginia","","","","3-6 months","Varies","Includes Commonwealth Research Commercialization Fund and other innovation programs."
"Georgia Research Alliance","Georgia Research Alliance",Grant,"Up to $100,000","https://gra.org/programs/venture-development/","Rolling","Georgia-based tech startups","All Sectors (technology)","Georgia","","","","2-4 months","~30%","Venture Development program provides non-dilutive funding and mentorship for Georgia startups."
"Google for Startups Cloud Program","Google",Corporate Grant,"Up to $200,000 in Google Cloud credits","https://cloud.google.com/startup","Rolling","Startups up to Series A","All Sectors","Global","","","","2-4 weeks","High acceptance rate","Not cash — cloud credits. Includes technical support, training, and networking opportunities."
"Google for Startups Black Founders Fund","Google",Corporate Grant,"$100,000 (non-dilutive) + $200,000 cloud credits","https://startup.google.com/programs/black-founders-fund/","Annual (typically Q1-Q2)","Black-founded startups in US","All Sectors","US only","","","","3-6 months","~2-3% (very competitive)","Cash grant plus cloud credits. Also includes mentorship and Google network access."
"Google for Startups Women Founders Fund","Google",Corporate Grant,"$100,000 (non-dilutive) + $200,000 cloud credits","https://startup.google.com/programs/women-founders-fund/","Annual","Women-founded startups","All Sectors","US only","","","","3-6 months","~2-3%","Similar structure to Black Founders Fund but focused on women-led startups."
"AWS Activate","Amazon Web Services",Corporate Grant,"Up to $100,000 in AWS credits","https://aws.amazon.com/activate/","Rolling","Startups (self-funded or funded)","All Sectors","Global","","","","1-2 weeks (near instant)","Very high acceptance","Two tiers: Activate Founders (self-funded, $1K credits) and Activate Portfolio (VC-backed, up to $100K). Not cash."
"Microsoft for Startups Founders Hub","Microsoft",Corporate Grant,"Up to $150,000 in Azure credits + tools","https://www.microsoft.com/en-us/startups","Rolling","Any startup, any stage","All Sectors","Global","","","","Near instant","Very high acceptance","Free tier available to all. Higher tiers require application. Includes GitHub Enterprise, LinkedIn premium, and mentorship."
"NVIDIA Inception","NVIDIA",Corporate Grant,"Hardware discounts, cloud credits, technical support","https://www.nvidia.com/en-us/startups/","Rolling","AI/ML startups","AI / Deep Learning / Data Science","Global","","","","1-2 weeks","High acceptance rate","Not direct funding — provides GPU discounts, DGX Cloud credits, technical workshops, and go-to-market support."
"Stripe Atlas","Stripe",Corporate Grant,"Incorporation services + credits ($5K+ in partner perks)","https://stripe.com/atlas","Rolling","Pre-incorporation startups","All Sectors","Global","","","","1-2 weeks","Very high","Not a grant — incorporation service with partner credits from AWS, HubSpot, etc. One-time $500 fee."
"HubSpot for Startups","HubSpot",Corporate Grant,"Up to 90% off HubSpot tools (up to $150,000+ value)","https://www.hubspot.com/startups","Rolling","VC-backed or accelerator-affiliated startups","All Sectors","Global","","","","1-2 weeks","High for qualifying startups","Requires affiliation with a partner VC, accelerator, or incubator. Deep discounts on CRM and marketing tools."
"Salesforce Accelerate","Salesforce",Corporate Grant,"Credits + ISV partnership benefits","https://www.salesforce.com/partners/partner-programs/isv/","Rolling","B2B startups building on Salesforce platform","Enterprise Software / SaaS","Global","","","","2-4 weeks","Moderate","Best for startups building apps on the Salesforce ecosystem. Includes AppExchange listing support."
"Meta Small Business Grants","Meta / Facebook",Corporate Grant,"Varies (typically $5,000-$10,000)","https://www.facebook.com/business/small-business/grants","Periodic (campaign-based)","Small businesses affected by economic challenges","All Sectors","US / Select global markets","","","","2-3 months","Competitive","Typically launched in response to economic events (COVID, natural disasters). Check periodically for open rounds."
"Comcast NBCUniversal LIFT Labs","Comcast NBCUniversal",Accelerator Grant,"$20,000 + no equity taken","https://liftlabs.comcast.com/","Annual (typically Q1)","Growth-stage startups in connected tech","Media / Entertainment / Connectivity / AI","US only","","","","3-6 months","~3-5%","12-week accelerator. Takes no equity. Demo day with Comcast leadership. Strong corporate partnership opportunities."
"Visa Everywhere Initiative","Visa",Competition,"$50,000 per regional winner / $100,000 global","https://usa.visa.com/run-your-business/visa-everywhere-initiative.html","Annual","Fintech startups","Fintech / Payments","Global","","","","4-8 months (application to finals)","~5%","Global competition with regional heats. Focus on payments innovation. Good visibility with Visa partnership team."
"Mastercard Start Path","Mastercard",Accelerator Grant,"No direct funding but partnership + scale access","https://www.mastercard.com/news/perspectives/featured-topics/start-path/","Rolling","Late-seed to Series B fintech/commerce startups","Fintech / Commerce / Cybersecurity","Global","","","","3-6 months in program","~5%","Not a grant — a partnership accelerator. No equity taken. Access to Mastercard APIs, customers, and network."
"Adobe Creative Residency","Adobe",Fellowship,"$50,000 stipend + Adobe Creative Cloud","https://www.adobe.com/about-adobe/creative-residency.html","Annual (typically Q4)","Individual creatives / artists","Creative / Design / Media","Global","","","","6-12 months","Very competitive (~1-2%)","One-year residency for creative professionals. Focus on a personal creative project using Adobe tools."
"Snap Yellow Accelerator","Snap Inc.",Accelerator Grant,"$150,000 (non-dilutive)","https://yellow.snap.com/","Annual","AR/VR, media, entertainment startups","AR / Social Media / Entertainment","US primarily","","","","3-4 months in program","~2-3%","Non-dilutive! 16-week accelerator. Strong focus on augmented reality and next-gen social technology."
"Knight Foundation Grants","John S. and James L. Knight Foundation",Grant,"$25,000-$500,000+","https://knightfoundation.org/apply/","Rolling / Periodic campaigns","Nonprofits and for-profits with civic focus","Media / Journalism / Civic Tech / Arts","US only","","","","3-6 months","~10-15%","Focus on informed and engaged communities. Strong interest in local news, civic engagement, and arts."
"MacArthur Foundation 100&Change","MacArthur Foundation",Prize,"$100,000,000","https://www.macfound.org/programs/100change/","Every 3-4 years","Any organization with bold solution","All Sectors (social impact)","Global","","","","12-18 months process","<1%","Massive single prize. Extremely competitive. Looking for real, measurable, durable solutions to critical problems."
"Bill & Melinda Gates Foundation Grand Challenges","Gates Foundation",Grant,"$100,000 (exploration) / $1M+ (full)","https://gcgh.grandchallenges.org/","Periodic (new challenges announced)","Any innovator globally","Global Health / Agriculture / Sanitation","Global","","","","3-9 months","~5-10% for exploration grants","Grand Challenges Explorations are great entry point — $100K, brief 2-page application. Full Grand Challenges are much larger."
"Echoing Green Fellowship","Echoing Green",Fellowship,"$100,000 over 18 months","https://echoinggreen.org/fellowship/","Annual (typically Jan-Feb)","Early-stage social entrepreneurs (for-profit or nonprofit)","All Sectors (social impact)","Global","","","","6-9 months (multi-stage)","~1% (3,000+ applicants for ~20 fellows)","Highly competitive and prestigious. 18-month fellowship includes leadership development, mentorship, and wellness support."
"Ashoka Fellowship","Ashoka",Fellowship,"Living stipend (3 years) + lifetime network","https://www.ashoka.org/en-us/program/ashoka-fellowship","Rolling (nomination-based)","Social entrepreneurs with system-changing ideas","All Sectors (social impact)","Global","","","","6-12 months vetting process","Very selective (~1%)","Must be nominated or apply directly. Multi-stage selection process. Lifetime membership in Ashoka network."
"Skoll Award for Social Entrepreneurship","Skoll Foundation",Award,"$1,500,000 over 3 years","https://skoll.org/about/skoll-awards/","Annual","Proven social entrepreneurs with track record","All Sectors (social impact)","Global","","","","6-12 months","Very selective","Not for early-stage. Looking for organizations already demonstrating systems-level change at scale."
"Fast Forward Accelerator","Fast Forward",Accelerator Grant,"$25,000 (non-dilutive)","https://www.ffwd.org/accelerator/","Annual (typically spring)","Tech nonprofits","Tech for Social Good","US primarily","","","","3-6 months","~5-10%","Specifically for technology nonprofits. 5-month accelerator. Strong alumni network in tech-for-good space."
"Mozilla Foundation Awards","Mozilla Foundation",Grant,"$50,000-$200,000","https://foundation.mozilla.org/en/what-we-fund/","Periodic","Organizations working on internet health","Internet / Privacy / AI Ethics","Global","","","","3-6 months","Varies by program","Multiple programs including Responsible CS, Data Futures Lab, and Creative Media Awards."
"Kauffman Foundation Grants","Ewing Marion Kauffman Foundation",Grant,"Varies","https://www.kauffman.org/grants/","Periodic","Organizations supporting entrepreneurship","Entrepreneurship / Education","US only","","","","3-6 months","Varies","Focus on expanding access to entrepreneurship. Primarily funds intermediaries and ecosystem builders, not individual startups."
"Omidyar Network Grants","Omidyar Network",Grant,"$100,000-$5,000,000","https://omidyar.com/","Rolling","Social enterprises and nonprofits","All Sectors (social impact / tech)","Global","","","","3-9 months","Selective","Impact investment firm + grant-maker. Focuses on responsible tech, reimagining capitalism, and inclusive governance."
"XPRIZE Competitions","XPRIZE Foundation",Prize,"$1,000,000-$100,000,000","https://www.xprize.org/prizes","Varies by competition","Teams worldwide","Varies (climate, health, education, space)","Global","","","","Multi-year competitions","Varies","Multiple active competitions. Currently includes carbon removal, rainforest, wildfire, feed the next billion. Multi-year timelines."
"TechCrunch Disrupt Startup Battlefield","TechCrunch",Competition,"$100,000","https://techcrunch.com/events/","Annual (typically Oct)","Early-stage startups","All Sectors (technology)","Global","","","","Application to event: 3-4 months","~2% (200 applicants selected from thousands)","Massive visibility regardless of winning. Past winners include Dropbox, Mint, Cloudflare. Free exhibition at Disrupt."
"Y Combinator","Y Combinator",Accelerator Grant,"$500,000 ($125K for 7% + $375K on MFN SAFE)","https://www.ycombinator.com/apply/","Biannual (Mar and Sep deadlines typically)","Any startup, any stage (pre-launch OK)","All Sectors","Global (must relocate to SF for batch)","","","","6-8 weeks from app to decision","~1.5-2%","Technically dilutive (7% equity) but included due to outsized value. 3-month program. Interview-driven selection."
"MassChallenge","MassChallenge",Accelerator Grant,"$100,000-$500,000+ in prizes (zero equity)","https://masschallenge.org/programs/","Annual (multiple global locations)","Early-stage startups with high impact","All Sectors","Global (programs in US, Israel, Mexico, etc.)","","","","4-6 months","~10-15% acceptance to program","Zero-equity accelerator. Top startups win cash prizes at Demo Day. One of the largest accelerators globally."
"43North","43North",Competition,"$1,000,000 grand prize + smaller awards","https://43north.org/competition/","Annual (summer application)","Startups willing to relocate to Buffalo, NY","All Sectors","US (must relocate to Buffalo)","","","","4-6 months","~1% (1,000+ applicants)","Must commit to operating in Buffalo for 1 year. $1M investment for 5% equity. Includes co-working space and mentorship."
"Rice Business Plan Competition","Rice University",Competition,"$1,500,000+ in prizes","https://rbpc.rice.edu/","Annual (spring)","Graduate student-led startups","All Sectors","Global","","","","3-4 months","~5% (300+ applications for 42 spots)","Largest and richest graduate-level business plan competition. Must have at least one current grad student on team."
"MIT $100K Entrepreneurship Competition","MIT",Competition,"$100,000+","https://www.mit100k.org/","Annual (spring)","MIT-affiliated teams","All Sectors","MIT community","","","","6 months (multiple stages)","~5-10%","Three tracks: PITCH, ACCELERATE, LAUNCH. Must have at least one MIT-affiliated team member."
"Hult Prize","Hult Prize Foundation",Competition,"$1,000,000","https://www.hultprize.org/","Annual","University students","Social Enterprise","Global","","","","6-12 months (campus to finals)","<1%","Campus-level competitions feed into regionals and global finals. Focus on solving pressing social challenges."
"Global Social Venture Competition (GSVC)","UC Berkeley Haas School of Business",Competition,"$80,000+ in prizes","https://gsvc.org/","Annual","Early-stage social ventures","Social Enterprise","Global","","","","4-6 months","~5-10%","One of the oldest social venture competitions. Strong emphasis on measurable social/environmental impact."
"Village Capital","Village Capital",Accelerator Grant,"$50,000-$100,000 (investment, not grant)","https://vilcap.com/","Rolling programs","Early-stage startups in specific sectors","Agriculture / Education / Energy / Financial Inclusion / Health","Global","","","","3-4 month program","~15-20% of cohort funded","Peer-selection model — cohort members rank each other. Top-ranked companies receive investment."
"Arch Grants","Arch Grants",Grant,"$50,000-$100,000 (non-dilutive)","https://www.archgrants.org/","Annual (spring)","Startups willing to locate in St. Louis, MO","All Sectors","US (must relocate to St. Louis)","","","","3-6 months","~5-10%","Non-dilutive grant. Must commit to relocating to and operating in St. Louis for at least one year."
"FedEx Small Business Grant","FedEx",Corporate Grant,"$50,000 grand prize + $15,000-$25,000 runners-up","https://www.fedex.com/en-us/small-business/grant-contest.html","Annual (typically Q1)","US-based small businesses","All Sectors","US only","","","","3-4 months","~1% (10 winners from thousands)","Public voting component. Great marketing opportunity regardless of winning. Social media presence helps."
"National Geographic Exploration Grants","National Geographic Society",Grant,"$5,000-$35,000","https://www.nationalgeographic.org/funding-opportunities/grants/","Rolling","Researchers and explorers","Science / Conservation / Education / Storytelling","Global","","","","3-6 months","~5-10%","Level I grants ($5K-$10K) are easier to get. Focus on exploration, conservation, and storytelling."
"Patagonia Environmental Grants","Patagonia",Corporate Grant,"Up to $200,000","https://www.patagonia.com/how-we-fund/","Rolling (twice yearly review)","Grassroots environmental organizations","Environment / Conservation / Climate","Global","","","","3-6 months","~15-20%","Favors smaller, grassroots organizations. Must be focused on root-cause environmental activism."
"Johnson & Johnson Innovation JLABS","Johnson & Johnson Innovation",Corporate Grant,"Lab space + mentorship (no cash grant; no equity)","https://jlabs.jnjinnovation.com/","Rolling","Life science startups","Health / Biotech / MedTech / Pharma","US / Global (multiple JLABS locations)","","","","2-4 months","~10-20%","Subsidized lab space at J&J facilities. No equity taken. Access to J&J expertise and potential commercial partnerships."
"Breakthrough Energy Fellows","Breakthrough Energy (Bill Gates)","Fellowship","$250,000+ over 2 years + support","https://www.breakthroughenergy.org/our-work/fellows/","Annual","Scientists and engineers with climate innovations","Clean Energy / Climate","Global","","","","6-9 months","Very selective","Focus on technologies with gigaton-scale emissions reduction potential. Fellows get commercialization support and network."
"NSF AI Research Institutes","National Science Foundation",Government Grant,"$5,000,000-$20,000,000","https://new.nsf.gov/funding/opportunities/national-artificial-intelligence-research","Periodic solicitations","US research institutions (can include industry partners)","Artificial Intelligence","US only","","","","6-12 months","~10%","Large-scale multi-institution grants. Individual startups typically participate as partners to a university lead."
"DARPA AI Next / AI Forward","DARPA",Government Grant,"Varies ($500K-$10M+)","https://www.darpa.mil/research/programs","Rolling BAA","US entities","AI / Machine Learning / Autonomy","US only","","","","3-9 months","Varies","Multiple programs under AI umbrella. Check active BAAs on SAM.gov. Requires understanding of DARPA's mission areas."
"IES SBIR","Institute of Education Sciences",Government Grant,"$250,000 (Phase I) / $900,000 (Phase II)","https://ies.ed.gov/sbir/","Annual solicitation","US small businesses","Education Technology","US only","","","","6-9 months","~15-20%","Focus on evidence-based education technology products. Rigorous evaluation requirements."
"Lumina Foundation Grants","Lumina Foundation",Grant,"Varies","https://www.luminafoundation.org/our-approach/","Rolling","Organizations focused on postsecondary learning","Education / Workforce Development","US only","","","","3-6 months","Varies","Focus on increasing postsecondary credential attainment, especially for underserved populations."
"NIMH SBIR","National Institute of Mental Health",Government Grant,"$275,000 (Phase I)","https://www.nimh.nih.gov/funding/opportunities-announcements","Standard NIH receipt dates","US small businesses","Mental Health Technology","US only","","","","6-9 months","~15-20%","Part of NIH SBIR system. Focus on mental health interventions, diagnostics, and digital therapeutics."
"SAMHSA Grants","Substance Abuse and Mental Health Services Administration",Government Grant,"$100,000-$1,000,000+","https://www.samhsa.gov/grants","Periodic","US entities addressing substance abuse / mental health","Mental Health / Substance Abuse","US only","","","","3-6 months","Varies by program","Multiple grant programs. Focus on substance abuse prevention, mental health services, and community support."
"NEA Grants for Arts Projects","National Endowment for the Arts",Government Grant,"$10,000-$100,000","https://www.arts.gov/grants","Annual (multiple deadlines)","US nonprofit organizations / government entities","Arts / Music / Media / Design","US only","","","","6-9 months","~30-40%","Cannot fund individual artists directly (must go through organizations). Multiple categories including media arts."
"Creative Capital Award","Creative Capital",Award,"Up to $50,000 + career development","https://creative-capital.org/award/","Annual (typically fall)","Individual artists in US","Arts / Technology / Performing Arts / Visual Arts","US only","","","","6-9 months","~3% (4,000+ applicants for ~40-50 awards)","Direct funding to individual artists. Multi-year support model. Strong emphasis on innovative, risk-taking projects."
"Google Black Founders Fund (dedicated entry)","Google for Startups",Corporate Grant,"$100,000 non-dilutive cash + $200,000 cloud credits","https://startup.google.com/programs/black-founders-fund/","Annual","Black-founded US startups (Seed to Series A)","All Sectors","US only","","","","3-6 months","~2-3%","Also includes access to Google mentors, PR support, and technical advisors."
"Backstage Capital","Backstage Capital",Grant,"$25,000-$100,000","https://backstagecapital.com/","Rolling","Underrepresented founders (women, POC, LGBTQ+)","All Sectors","US primarily","","","","2-4 months","~2-5%","VC fund focused on underrepresented founders. Investments are equity but offers some grant programs periodically."
"digitalundivided BIG Program","digitalundivided",Grant,"Varies","https://www.digitalundivided.com/","Periodic","Black and Latina women founders","All Sectors","US only","","","","3-6 months","Varies","Provides data-driven resources, mentorship, and funding support for Black and Latina women entrepreneurs."
"SoGal Black Founder Startup Grant","SoGal Foundation",Grant,"$10,000 + mentorship","https://www.sogal.co/","Periodic","Black women and non-binary entrepreneurs","All Sectors","US only","","","","2-4 months","Competitive","Includes mentorship from SoGal network in addition to grant funding."
"Amber Grant","WomensNet",Grant,"$10,000 monthly / $50,000 annual","https://ambergrantsforwomen.com/","Monthly (rolling)","Women-owned businesses","All Sectors","US only","","","","1-2 months","Moderate (three $10K monthly winners)","Simple application process. Monthly grants plus year-end bonus. Named after Amber Wigdahl who died at 19."
"IFundWomen Universal Grant","IFundWomen (now Honeycomb)",Grant,"$500-$100,000 (varies by program)","https://www.ifundwomen.com/grants","Rolling (multiple partner grants)","Women entrepreneurs","All Sectors","US primarily","","","","1-3 months","Varies by partner program","Aggregates grants from multiple corporate partners (Visa, Caress, American Express, etc.). Apply once for multiple."
"Cartier Women's Initiative","Cartier",Award,"$100,000 (laureates) / $30,000 (finalists)","https://www.cartierwomensinitiative.com/","Annual (typically opens Jun)","Women-led impact ventures (early revenue stage)","All Sectors (social/environmental impact)","Global","","","","6-9 months (multi-stage)","~1% (3,000+ applicants for 33 awards)","Three laureates and four finalists per region. Includes mentorship, networking, and media exposure."
"Hello Alice Small Business Grants","Hello Alice",Grant,"$5,000-$25,000 (varies)","https://helloalice.com/funding/grants/","Rolling (multiple partner programs)","Small businesses (various demographics)","All Sectors","US only","","","","1-3 months","Varies by program","Platform aggregating grants from corporate partners. New opportunities posted regularly. Free to apply."
"Halcyon Incubator","Halcyon",Accelerator Grant,"$10,000 stipend + housing + workspace (zero equity)","https://halcyon.org/programs/incubator/","Annual (spring/fall cycles)","Social entrepreneurs with impact ventures","All Sectors (social impact)","US (based in Washington DC)","","","","4-6 months","~5-10%","5-month program in DC. Zero equity. Includes housing, workspace, mentorship, and stipend."
"Techstars Foundation Grants","Techstars Foundation",Grant,"$5,000-$50,000","https://www.techstarsfoundation.org/","Periodic","Organizations supporting underrepresented entrepreneurs","All Sectors","US primarily","","","","2-4 months","Varies","Funds organizations (not individual startups) that support underrepresented founders."
"SBIR Road Tour / Startup Events","SBA / SBIR.gov",Government Grant,"N/A (educational resource)","https://www.sbirroadtour.com/","Ongoing","Anyone interested in SBIR/STTR","All Sectors","US only","","","","N/A","N/A","Free educational events teaching how to apply for SBIR/STTR. Great starting point for first-time applicants."
"Thiel Fellowship","Thiel Foundation",Fellowship,"$100,000 over 2 years","https://thielfellowship.org/","Annual (typically Nov deadline)","Entrepreneurs under 23 years old","All Sectors (technology)","Global","","","","6-9 months","~1-2% (hundreds apply for ~20 spots)","Must drop out of or skip college. Two-year fellowship with mentorship. Famous alumni include Vitalik Buterin."
"Unilever Young Entrepreneurs Award","Unilever",Award,"€50,000 + mentorship","https://www.unilever.com/planet-and-society/raise-living-standards/young-entrepreneurs-awards/","Annual","Young social entrepreneurs","Sustainability / Social Impact","Global","","","","3-6 months","Competitive","Focus on sustainable business solutions. Cash prize plus 12-month mentorship program."
"Roddenberry Foundation Catalyst Fund","Roddenberry Foundation",Grant,"$25,000-$250,000","https://roddenberryfoundation.org/our-work/catalyst-fund/","Rolling","Nonprofits with bold social ideas","Social Impact / Civil Rights / Science","US only","","","","3-6 months","~10-15%","Inspired by Star Trek vision of the future. Funds bold, catalytic social change work."
"Schmidt Futures","Schmidt Futures (Eric Schmidt)",Grant,"Varies ($100K-$1M+)","https://www.schmidtfutures.org/","Rolling / invitation","Exceptional scientists, technologists, policy experts","Science / Technology / Policy","Global","","","","Varies","Very selective","Multiple programs including Rise, VSOC, and AI2050. Often invitation-based or through partner nominations."
"Patrick J. McGovern Foundation","McGovern Foundation",Grant,"$100,000-$1,000,000","https://www.mcgovern.org/","Rolling","Organizations using data/AI for good","AI / Data for Social Good","Global","","","","3-6 months","Selective","Focus on responsible use of data and AI for social impact. New foundation (est. 2019) with growing portfolio."
"Emerson Collective","Emerson Collective (Laurene Powell Jobs)",Grant,"Varies","https://www.emersoncollective.com/","Rolling / invitation","Organizations in education, environment, immigration, media","Education / Environment / Social Justice","US primarily","","","","Varies","Very selective","Often operates through invitation. Mix of grants, investments, and advocacy."
"Chan Zuckerberg Initiative","Chan Zuckerberg Initiative",Grant,"Varies ($100K-$10M+)","https://chanzuckerberg.com/","Periodic / rolling","Organizations in science, education, community","Science / Education / Community","US primarily","","","","3-9 months","Varies","Mix of grants and investments. Science program funds open-source tools and biomedical research."
"Ballmer Group Grants","Ballmer Group (Steve Ballmer)",Grant,"Varies","https://www.ballmergroup.org/","Rolling","Nonprofits supporting economic mobility","Economic Mobility / Youth / Workforce","US only","","","","Varies","Varies","Focus on children, families, and economic mobility. Primarily funds established nonprofits."
"1517 Fund Grants/Medici Project","1517 Fund",Grant,"$1,000-$10,000 (Medici grants)","https://www.1517fund.com/","Rolling","Young entrepreneurs, dropouts, non-traditional paths","All Sectors (technology)","Global","","","","2-4 weeks","Moderate","Small grants for early experiments. Also has a VC fund. Focus on builders outside traditional institutions."
"Bluemind Foundation (Ocean Tech)","Bluemind Foundation",Grant,"Varies","https://www.bluemind.org/","Periodic","Organizations focused on ocean/water innovation","Ocean / Water / Blue Economy","Global","","","","3-6 months","Varies","Niche focus on blue economy and neuroscience of water. Small but growing grant program."
"MIT Solve","MIT",Competition,"$10,000-$200,000","https://solve.mit.edu/","Annual (challenges open ~spring)","Social enterprises and tech innovators","Health / Climate / Learning / Economic Prosperity","Global","","","","4-8 months","~5-10%","Solver teams get funding, mentorship, and MIT network access. Multi-year commitment from MIT Solve community."
"Dreamit Ventures (non-dilutive track)","Dreamit Ventures",Accelerator Grant,"No upfront cost; optional investment","https://www.dreamit.com/","Rolling","Growth-stage startups","Health / Urbanism / Secure","US primarily","","","","3-4 month program","~10%","Corporate-focused accelerator. Some tracks are non-dilutive depending on corporate partner arrangements."
"Morgan Stanley Multicultural Innovation Lab","Morgan Stanley",Accelerator Grant,"$250,000 investment (equity) + resources","https://www.morganstanley.com/about-us/diversity/multicultural-innovation-lab","Annual","Multicultural and women-led tech startups (post-revenue)","Fintech / Enterprise / Consumer Tech","US only","","","","4-6 months","~3-5%","Technically takes equity but included for diversity focus. 5-month program with Morgan Stanley resources and network."
"Cisco Global Problem Solver Challenge","Cisco",Competition,"$25,000-$100,000","https://www.cisco.com/c/en/us/about/csr/social-investments/problem-solver-challenge.html","Annual","Early-stage tech startups with social impact","Technology for Social Good","Global","","","","3-6 months","~3-5%","Focus on using technology to solve social/environmental problems. Multiple category prizes."
"Wells Fargo Innovation Incubator (IN2)","Wells Fargo / NREL",Corporate Grant,"Up to $250,000 in support","https://www.nrel.gov/innovation/wells-fargo-innovation-incubator.html","Rolling","Clean energy and agriculture tech startups","Clean Energy / Sustainable Agriculture","US only","","","","3-6 months","~10-20%","Partnership between Wells Fargo and NREL. Provides lab access, technical validation, and commercial pathway support."
"Verizon Forward for Good Challenge","Verizon",Competition,"$10,000-$250,000","https://www.verizon.com/about/responsibility/digital-inclusion/forward-for-good","Periodic","Social impact startups","Digital Inclusion / Education / Health","US only","","","","3-6 months","Varies","Focus on digital equity and inclusion. Program format varies by year."
"Pivotal Ventures (Melinda French Gates)","Pivotal Ventures",Grant,"Varies ($100K-$5M)","https://www.pivotalventures.org/","Rolling / invitation","Organizations advancing women's power and influence","Gender Equity / Women's Leadership","US only","","","","Varies","Very selective","Focus on women's economic participation and leadership. Mix of grants and investments."
"Arnold Ventures","Arnold Ventures (John Arnold)",Grant,"Varies ($100K-$5M+)","https://www.arnoldventures.org/","Rolling","Organizations with evidence-based policy solutions","Criminal Justice / Health / Education / Public Finance","US only","","","","3-9 months","Selective","Strong emphasis on evidence and research. Funds policy-oriented organizations."
"IBM Global Entrepreneur Program","IBM",Corporate Grant,"Up to $120,000 in IBM Cloud credits","https://www.ibm.com/academic","Rolling","Tech startups","All Sectors (technology)","Global","","","","2-4 weeks","Moderate-high for qualifying startups","Cloud credits and technical mentorship. Access to IBM technology and enterprise channels."
"Oracle for Startups","Oracle",Corporate Grant,"Up to $100,000 in Oracle Cloud credits","https://www.oracle.com/startup/","Rolling","Cloud-native startups","All Sectors (technology)","Global","","","","2-4 weeks","High for qualifying","Cloud credits, technical support, and go-to-market support from Oracle's enterprise sales team."
"Dell for Startups","Dell Technologies",Corporate Grant,"Hardware discounts + technical advisory","https://www.delltechnologies.com/en-us/startups.htm","Rolling","VC-backed startups","All Sectors (technology)","Global","","","","1-2 weeks","High","Hardware discounts and technical advisory services. Works through partner VC network."
"Twilio Impact Access Program","Twilio",Corporate Grant,"$5,000-$10,000 in Twilio credits","https://www.twilio.org/impact-access","Rolling","Nonprofits and social enterprises","Social Impact","Global","","","","2-4 weeks","High for qualifying nonprofits","Free or discounted Twilio communication APIs for social impact organizations."
"Notion for Startups","Notion",Corporate Grant,"Free Notion Plus for up to 6 months + AI credits","https://www.notion.so/startups","Rolling","Early-stage startups","All Sectors","Global","","","","Near instant","Very high","Part of startup partnerships — typically requires VC or accelerator affiliation."
"New York State Energy Research and Development Authority (NYSERDA)","NYSERDA",Government Grant,"$50,000-$1,000,000+","https://www.nyserda.ny.gov/Funding-Opportunities","Rolling / Periodic","New York entities","Clean Energy / Climate","New York","","","","3-6 months","Varies by program","Multiple programs for clean energy innovation. Includes proof-of-concept, demonstration, and deployment funding."
"Pennsylvania Ben Franklin Technology Partners","Ben Franklin Technology Partners",Grant,"$50,000-$500,000","https://benfranklin.org/","Rolling","Pennsylvania-based technology startups","All Sectors (technology)","Pennsylvania","","","","2-4 months","~20-30%","Four regional offices across PA. Mix of grants and investments. Strong mentorship network."
"Michigan Economic Development Corporation (MEDC)","MEDC",Government Grant,"Varies","https://www.michiganbusiness.org/services/entrepreneurial-support/","Rolling","Michigan-based startups and businesses","All Sectors","Michigan","","","","2-6 months","Varies","Multiple programs including Pre-Seed Fund, Michigan Translational Research and Commercialization."
"Hawaii SBIR Matching Grant","HTDC / Hawaii",Grant,"Up to $100,000","https://www.htdc.org/sbir-sttr-matching-grant/","Rolling","Hawaii companies with federal SBIR/STTR awards","All Sectors (technology)","Hawaii","","","","1-3 months","~50%+","Matching funds for Hawaii companies with SBIR/STTR awards. Easy application process."
"New Mexico Small Business Assistance Program","NMSBA / Sandia & Los Alamos Labs",Grant,"Up to $40,000 in technical assistance","https://nmsbaprogram.org/","Annual","New Mexico small businesses","All Sectors","New Mexico","","","","2-4 months","~60-70%","Free technical assistance from national lab scientists. Not cash — in-kind expert help."
"Connecticut Innovations","Connecticut Innovations",Grant,"$100,000-$500,000","https://ctinnovations.com/","Rolling","Connecticut-based startups","All Sectors (technology)","Connecticut","","","","2-4 months","~15-25%","State venture fund with grant and investment programs. Strong life sciences focus."
"Climer Prize for Early Stage Entrepreneurs","Climer Group",Prize,"$25,000","https://www.climerprize.org/","Annual","Tennessee-based early-stage startups","All Sectors","Tennessee","","","","3-4 months","~5-10%","Non-dilutive prize for Nashville/Tennessee entrepreneurs. Pitch competition format."
"DOD Hacking for Defense (H4D)","National Security Innovation Network (NSIN)",Government Grant,"No direct funding but validation + DOD access","https://www.nsin.mil/","Rolling programs","Startups solving defense problems","Defense / National Security","US only","","","","3-6 months","Moderate","Not a grant — connects startups with DOD end users. Valuable for getting first government customer."
"In-Q-Tel","In-Q-Tel",Corporate Grant,"$500,000-$3,000,000 (strategic investment)","https://www.iqt.org/","Rolling","Startups with IC/defense-relevant technology","National Security / AI / Cybersecurity / Biotech","US only","","","","3-9 months","Very selective","CIA's strategic investment arm. Takes equity but strategic value is immense. Opens door to IC market."
"Greentown Labs","Greentown Labs",Accelerator Grant,"Subsidized lab space (no equity)","https://greentownlabs.com/","Rolling","Climatetech startups","Clean Energy / Climate / Sustainability","US (Boston + Houston)","","","","2-4 months","~20-30%","Largest climatetech incubator in North America. No equity taken. Lab space + corporate partner access."
"Clean Energy Trust","Clean Energy Trust",Grant,"$50,000-$250,000","https://cleanenergytrust.org/","Annual","Midwest clean energy startups","Clean Energy / Climate","Midwest US","","","","3-6 months","~10-15%","Focus on Great Lakes/Midwest region. Mix of grants and impact investments."
"USAID Development Innovation Ventures (DIV)","USAID",Government Grant,"$25,000-$15,000,000 (tiered)","https://www.usaid.gov/div","Annual","Any entity with development solutions","International Development / All Sectors","Global (for developing country impact)","","","","6-12 months","~5-10%","Three stages of funding. Open to anyone — individuals, companies, nonprofits. Solutions must target developing countries."
"DoD Rapid Innovation Fund (RIF)","Department of Defense",Government Grant,"Up to $3,000,000","https://www.cto.mil/rif/","Annual BAA","US small businesses with defense technology","Defense / National Security","US only","","","","6-12 months","~5-10%","Bridges gap between prototype and fielded capability. Requires clear DOD transition partner."
"New Enterprise Allowance (NEA) / SBA Emerging Leaders","SBA",Government Grant,"Free training + mentorship (no cash)","https://www.sba.gov/local-assistance","Rolling","US-based entrepreneurs in underserved communities","All Sectors","US only","","","","Ongoing programs","Open enrollment","Not a cash grant. Free intensive business training and mentorship through SBA district offices."
"Activate Fellowship","Activate.org",Fellowship,"$80,000-$120,000 salary + $100,000 research budget","https://www.activate.org/apply","Annual","Scientists and engineers commercializing hard-tech","Hard Tech / Climate / Energy / Materials","US (Berkeley, NYC, Houston)","","","","6-9 months","~5-10%","Two-year embedded fellowship at a national lab or research university. Salary + research funding + entrepreneurship training."
"Cyclotron Road / Activate Berkeley","Activate (formerly Cyclotron Road at LBNL)",Fellowship,"$80,000 salary + $100K research budget","https://www.activate.org/berkeley","Annual","Scientists/engineers with energy/climate innovations","Energy / Climate / Advanced Materials","Berkeley, CA","","","","6-9 months","~5-10%","Embedded at Lawrence Berkeley National Lab. Two-year program to de-risk hard-tech innovations."
"New Voices Foundation Grants","New Voices Foundation (Richelieu Dennis)",Grant,"$5,000-$25,000","https://newvoicesfoundation.org/","Periodic","Women of color entrepreneurs","All Sectors","US only","","","","2-4 months","Varies","Focuses on women of color founders. Includes business support and community building."
"Sephora Accelerate","Sephora / LVMH",Accelerator Grant,"Mentorship + retail placement (no equity early program)","https://www.sephora.com/beauty/accelerate","Annual","Women and BIPOC beauty founders","Beauty / Consumer Products","US only","","","","3-6 months","~3-5%","6-month brand-building program. Potential for Sephora retail placement. Focus on BIPOC-owned beauty brands."
"Target Accelerators","Target",Accelerator Grant,"No direct funding but Target retail access","https://corporate.target.com/sustainability-governance/responsible-business/startups","Annual","Startups in retail innovation","Retail / Consumer / Supply Chain","US only","","","","3-6 months","~5%","Access to Target stores, customers, and supply chain. Multiple cohort tracks."
"Samsung NEXT","Samsung",Corporate Grant,"Investment + Samsung resources","https://www.samsungnext.com/","Rolling","Early-stage tech startups","AI / IoT / AR/VR / Health","Global","","","","2-4 months","Varies","Mix of investments and non-dilutive support. Provides access to Samsung technology and distribution."
"Kapor Capital (gap-closing portfolio)","Kapor Capital",Grant,"Varies (primarily equity investment)","https://www.kaporcapital.com/","Rolling","Founders closing gaps of access for underserved communities","All Sectors (social impact tech)","US primarily","","","","2-6 months","Selective","Technically VC but included for strong mission alignment. Focus on gap-closing startups."
"NIST Manufacturing Extension Partnership (MEP)","NIST",Government Grant,"Technical assistance (not direct cash)","https://www.nist.gov/mep","Rolling","US manufacturers (small and medium)","Manufacturing","US only","","","","Ongoing","High acceptance","Network of centers providing technical assistance to manufacturers. Subsidized consulting and training."
"IndieBio Accelerator","IndieBio / SOSV",Accelerator Grant,"$250,000 (for equity)","https://indiebio.co/","Biannual cohorts","Biotech startups","Biotech / Life Sciences / Synthetic Biology","US (San Francisco)","","","","3-4 months","~3-5%","World's largest biotech accelerator. Takes equity but included for biotech relevance. 4-month program with lab space."
"Camelback Ventures Fellowship","Camelback Ventures",Fellowship,"$40,000 non-dilutive + coaching","https://www.camelbackventures.org/","Annual","Underrepresented education/workforce entrepreneurs","Education / Workforce","US only","","","","3-6 months","~5-10%","Focus on entrepreneurs of color working in education and workforce development."
"Stand Together Foundation","Stand Together (Koch network)",Grant,"$50,000-$500,000+","https://standtogethertrustlab.org/","Rolling","Social entrepreneurs with bottom-up solutions","All Sectors (social impact)","US only","","","","3-6 months","Varies","Catalyst program provides grants + mentorship. Focus on community-driven solutions, not top-down policy."
"Resolution Project Social Venture Challenge","Resolution Project",Award,"$3,000 seed grant + mentorship","https://resolutionproject.org/","Annual (campus competitions)","Undergraduate students","Social Enterprise","Global","","","","3-6 months","~10-20%","Campus-level pitch competitions. Small seed grants but strong mentorship network for young social entrepreneurs."
"Miller Center GSBI","Santa Clara University Miller Center",Accelerator Grant,"Free (no equity, no cost)","https://www.millersocent.org/","Annual","Social enterprises scaling in developing markets","Social Enterprise / International Development","Global","","","","10-month program","~15-20%","Executive-education style accelerator for social enterprises. Silicon Valley mentors + online curriculum."
"Surdna Foundation","Surdna Foundation",Grant,"$50,000-$500,000","https://surdna.org/grants/","Periodic","Nonprofits in sustainable environments, thriving cultures, just economies","Arts / Environment / Social Justice","US only","","","","3-9 months","~10-15%","Focus on racial and social justice through sustainable environments, thriving cultures, and inclusive economies."
"Barr Foundation","Barr Foundation",Grant,"$50,000-$2,000,000","https://www.barrfoundation.org/","Rolling / invitation","Organizations in climate, education, arts (primarily Boston)","Climate / Education / Arts","Boston / New England primarily","","","","3-6 months","Often invitation-based","One of the largest foundations in New England. Strong focus on climate and education in Boston metro area."
"Draper Richards Kaplan Foundation","DRK Foundation",Fellowship,"$100,000/year for 3 years + board seat","https://www.drkfoundation.org/apply/","Rolling","Social entrepreneurs at inflection point","All Sectors (social impact)","Global","","","","6-12 months","~1%","Very prestigious. DRK partner joins your board. $300K over 3 years. Looking for proven founders ready to scale."
"Skoll Foundation (Community Grants)","Skoll Foundation",Grant,"$250,000-$1,500,000","https://skoll.org/","Annual","Social entrepreneurs with proven models","All Sectors (social impact)","Global","","","","6-12 months","Very selective","In addition to the Skoll Award, offers investment in social entrepreneurs through multiple programs."
"Civic Innovation Challenge (NSF + DHS)","NSF / Department of Homeland Security",Government Grant,"$50,000 (Stage 1) / $1,000,000 (Stage 2)","https://www.nsf.gov/funding/pgm_summ.jsp?pims_id=505864","Annual","Community-university partnerships","Civic Innovation / Smart Cities / Resilience","US only","","","","6-12 months","~15-20%","Two-stage competition. Requires partnership between community org and research institution."
"DOT SBIR","Department of Transportation",Government Grant,"$200,000 (Phase I)","https://www.volpe.dot.gov/work-with-us/small-business-innovation-research","Annual","US small businesses","Transportation / Infrastructure / Safety","US only","","","","6-9 months","~15-20%","Focus on transportation safety, infrastructure, and emerging mobility solutions."
"DHS SBIR","Department of Homeland Security",Government Grant,"$150,000 (Phase I)","https://www.dhs.gov/science-and-technology/sbir","Annual","US small businesses","Homeland Security / Cybersecurity / Border Security","US only","","","","6-9 months","~15-20%","Topics include cybersecurity, border security, disaster resilience, and chemical/biological defense."
Amber Grant for Women,,Women-Specific Grant,$10K/mo + $25K annual,https://ambergrantsforwomen.com,,Women-owned businesses,,Global,,,,,,"[Source: LinkedIn non-dilutive funding list, 519 comments, March 2025]"
IFundWomen,,Women-Specific Grant,$2.5K-$25K,https://ifundwomen.com,,Women founders,,Global,,,,,,"[Source: LinkedIn non-dilutive funding list, 519 comments, March 2025]"
Ladies Who Launch,,Women-Specific Grant,$10K-$25K,https://ladieswholaunch.org,,Women founders,,Global,,,,,,"[Source: LinkedIn non-dilutive funding list, 519 comments, March 2025]"
Google for Startups,,Free Cloud Credits,Up to $350K in credits,https://startup.google.com,,All startups,,US,,,,,,"[Source: LinkedIn non-dilutive funding list, 519 comments, March 2025]"
Microsoft Founders Hub,,Free Cloud Credits,Up to $150K Azure credits,https://www.microsoft.com/en-us/startups,,All startups,,US,,,,,,"[Source: LinkedIn non-dilutive funding list, 519 comments, March 2025]"
AWS Startup Accelerator,,Free Cloud Credits,Up to $100K credits,https://aws.amazon.com/startups,,All startups,,US,,,,,,"[Source: LinkedIn non-dilutive funding list, 519 comments, March 2025]"
United States Artists Fellowship,,Fellowship,$50K,https://unitedstatesartists.org,,US-based artists,Creators & Designers,US,,,,,,"[Source: LinkedIn non-dilutive funding list, March 2025]"
Sundance Institute Grants,,Grant,$10K-$100K+,https://sundance.org,,"Film, media, storytelling",Creators & Designers,Global,,,,,,"[Source: LinkedIn non-dilutive funding list, March 2025]"
Elemental Excelerator,,Accelerator Grant,Up to $1M,https://elementalexcelerator.com,,Climate tech startups,Climate & Impact,Global,,,,,,"[Source: LinkedIn non-dilutive funding list, March 2025]"
Skoll Foundation Award,,Foundation Grant,Up to $1.5M,https://skoll.org,,Social entrepreneurs,Climate & Impact,Global,,,,,,"[Source: LinkedIn non-dilutive funding list, March 2025]"
TechCrunch Disrupt Battlefield,,Competition,$100K,https://techcrunch.com,,Early-stage startups,Startup Competitions,Global,,,,,,"[Source: LinkedIn non-dilutive funding list, March 2025]"
