#,First Name,Last Name,Firm/Company,Investor Type,Email,LinkedIn URL,Website,Sectors of Interest,Location,Source,Match Score,Lead?,Also Invests in Education?,Notes,Also Good For
1,Tim,Ferriss,Tim Ferriss,Angel,,https://www.linkedin.com/in/timferriss/,,"Psychedelics, Mental Health, Neuroscience, Wellness, Brain Tech",Austin,curated_research,8,Y,YES ✅,"Backed MAPS, Compass Pathways. Major psychedelic research donor.",Pitch Slam; HTW Dinners
2,Bryan,Johnson,Bryan Johnson / Kernel,Angel/Family Office,,https://www.linkedin.com/in/bryanjohnson2/,https://www.kernel.com,"Brain Tech, Neuroscience, Longevity, Mental Health, Wellness",Los Angeles,curated_research,8,Y,No,Built Kernel (brain-imaging). OS Fund. Blueprint protocol.,Pitch Slam; HTW Dinners
3,Christian,Angermayer,Apeiron Investment Group,Family Office,,https://www.linkedin.com/in/angermayer/,https://www.apeiron-group.com,"Psychedelics, Mental Health, Brain Tech, Life Sciences, Biotech",London/Miami,curated_research,8,Y,No,"Co-founded ATAI Life Sciences, Compass Pathways.",Pitch Slam; HTW Dinners
4,Peter,Thiel,Thiel Capital,Family Office,,https://www.linkedin.com/in/peterthiel/,,"Brain-Computer Interface, Neuroscience, Life Sciences, AI, Longevity",San Francisco,curated_research,8,Y,YES ✅,Backed Neuralink. Thiel Fellowship = education.,Pitch Slam; HTW Dinners
5,Arianna,Huffington,Thrive Global,Angel/Family Office,,https://www.linkedin.com/in/araborenstein/,https://www.thriveglobal.com,"Mental Health, Wellness, Sleep, Behavioral Health, Consumer",New York,curated_research,8,Y,No,"Thrive Global CEO. Mental health, sleep, wellness.",Pitch Slam; HTW Dinners
6,Deepak,Chopra,Deepak Chopra,Angel,,https://www.linkedin.com/in/deepakchopramd/,,"Mental Health, Wellness, Meditation, Brain Health, Consciousness",San Diego,curated_research,8,N,YES ✅,Wellness/mental health. Chopra Foundation education.,Pitch Slam; HTW Dinners
7,Esther,Dyson,Wellville / HICCup,Angel/Family Office,,https://www.linkedin.com/in/estherdyson/,https://www.wellville.net,"Health, Wellness, Mental Health, Behavioral Health, Preventive Care",New York,curated_research,8,Y,YES ✅,Wellville project. Pioneer health/wellness investor.,HTW Dinners
8,Noubar,Afeyan,Flagship Pioneering,Family Office,,https://www.linkedin.com/in/noubarafeyan/,https://www.flagshippioneering.com,"Life Sciences, Biotech, Brain Tech, Therapeutics, AI",Boston,curated_research,8,Y,YES ✅,Moderna co-founder. MIT donor.,Pitch Slam
9,Daphne,Zohar,PureTech Health,Angel/Family Office,,https://www.linkedin.com/in/daphnezohar/,https://www.puretechhealth.com,"Brain-Gut, Neuroscience, Mental Health, Life Sciences, Therapeutics",Boston,curated_research,8,Y,No,"Brain-immune, gut-brain axis. Karuna Therapeutics.",Pitch Slam; HTW Dinners
10,Jack,Dorsey,Start Small Foundation,Family Office,,https://www.linkedin.com/in/jackdorsey/,,"Mental Health, Wellness, Mindfulness, Health, AI",San Francisco,curated_research,8,Y,YES ✅,$1B+ health. Meditation advocate. Supports education.,Pitch Slam; HTW Dinners
11,Marc,Benioff,TIME Ventures,Family Office,,https://www.linkedin.com/in/marcbenioff/,,"Mental Health, AI, Health Tech, Wellness, Children's Health",San Francisco,curated_research,8,Y,YES ✅,UCSF Benioff Children's. Major health/education philanthropist.,Pitch Slam; HTW Dinners
12,Laurene,Powell Jobs,Emerson Collective,Family Office,,https://www.linkedin.com/in/laurenepowelljobs/,https://www.emersoncollective.com,"Mental Health, Education, Health, Social Impact, Brain Science",Palo Alto,curated_research,8,Y,YES ✅,XQ Institute. Health + mental health portfolio.,Pitch Slam; HTW Dinners
13,Priscilla,Chan,Chan Zuckerberg Initiative,Family Office,,https://www.linkedin.com/in/priscillachan/,https://chanzuckerberg.com,"Brain Science, Mental Health, Education, Life Sciences, Neuroscience",Palo Alto,curated_research,8,Y,YES ✅,CZI Neurodegeneration Challenge. Brain science + education.,Pitch Slam; HTW Dinners
14,MacKenzie,Scott,Yield Giving,Family Office,,https://www.linkedin.com/in/mackenziescott/,,"Mental Health, Education, Health, Social Impact, Equity",Seattle,curated_research,8,Y,YES ✅,$16B+ donated. Mental health + education funder.,HTW Dinners
15,Ray,Dalio,Dalio Philanthropies,Family Office,,https://www.linkedin.com/in/raydalio/,https://www.daliophilanthropies.org,"Mental Health, Meditation, Brain Science, Wellness, Education",Greenwich,curated_research,8,Y,YES ✅,"OceanX, meditation. Major education donor. TM funder.",Pitch Slam; HTW Dinners
16,Melinda,French Gates,Pivotal Ventures,Family Office,,https://www.linkedin.com/in/melindafrenchgates/,https://www.pivotalventures.org,"Mental Health, Women's Health, Education, Social Impact",Seattle,curated_research,8,Y,YES ✅,Pivotal Ventures: mental health focus. Education pillar.,HTW Dinners
17,Reid,Hoffman,Greylock / Angel,Angel/Family Office,,https://www.linkedin.com/in/reidhoffman/,,"AI, Mental Health Tech, Brain-Computer Interface, Wellness",San Francisco,curated_research,8,Y,YES ✅,Backed Neuralink. Mental health platforms. Stanford donor.,Pitch Slam; HTW Dinners
18,George,Goldsmith,Compass Pathways,Angel,,https://www.linkedin.com/in/georgegoldsmith/,https://www.compasspathways.com,"Psychedelics, Mental Health, Brain Tech, Therapeutics",London,curated_research,8,Y,No,Co-founder Compass Pathways. Psilocybin therapy pioneer.,Pitch Slam; HTW Dinners
19,Carey,Turnbull,Carey Turnbull,Angel,,https://www.linkedin.com/in/careyturnbull/,,"Psychedelics, Mental Health, Neuroscience, Behavioral Health",New York,curated_research,8,N,No,Major funder of Heffter Research Institute.,HTW Dinners
20,Jim,Mellon,Juvenescence,Family Office,,https://www.linkedin.com/in/jimmellon/,https://www.juvenescence.ltd,"Longevity, Brain Tech, Life Sciences, Mental Health, Biotech",London,curated_research,8,Y,No,Major longevity + brain aging investor.,Pitch Slam; HTW Dinners
21,Bob,Duggan,Bob Duggan,Angel/Family Office,,https://www.linkedin.com/in/robertduggan/,,"Brain Tech, Neuroscience, Mental Health, Biotech, Life Sciences",San Francisco,curated_research,8,Y,YES ✅,Pharmacyclics founder. Brain science investor.,Pitch Slam; HTW Dinners
22,Jeff,Huber,GRAIL / Angel,Angel/Family Office,,https://www.linkedin.com/in/jeffhuber/,,"Life Sciences, Diagnostics, Brain Health, AI, Longevity",San Francisco,curated_research,8,Y,No,Former Google X. GRAIL founder. Brain health.,Pitch Slam; HTW Dinners
23,Robert,Nelsen,ARCH Venture Partners,Angel/Family Office,,https://www.linkedin.com/in/robertnelsen/,,"Life Sciences, Biotech, Neuroscience, Brain Tech, Diagnostics",Seattle,curated_research,8,Y,No,"Brain science, neurology at earliest stage.",Pitch Slam
24,Vivek,Ramaswamy,Strive / Roivant,Angel/Family Office,,https://www.linkedin.com/in/vivekgramaswamy/,,"Life Sciences, Biotech, Neuroscience, Mental Health, Therapeutics",Columbus,curated_research,8,Y,YES ✅,Roivant Sciences. Neuro-focused subsidiaries.,HTW Dinners
25,David,Agus,Dr. David Agus,Angel,,https://www.linkedin.com/in/davidagus/,,"Health, Wellness, Longevity, Brain Health, Life Sciences",Los Angeles,curated_research,8,N,YES ✅,USC professor. Wellness + longevity investor.,Pitch Slam; HTW Dinners
26,Andy,Dunn,Andy Dunn (Bonobos),Angel,,https://www.linkedin.com/in/andydunn/,,"Mental Health, Consumer, Wellness, DTC, Behavioral Health",New York,curated_research,8,N,No,Bonobos founder. Open about bipolar. Mental health investor.,Pitch Slam; HTW Dinners
27,Ben,Horowitz,a16z / Angel,Angel/Family Office,,https://www.linkedin.com/in/beenhorowitz/,,"Brain-Computer Interface, AI, Life Sciences, Mental Health Tech",San Francisco,curated_research,8,Y,YES ✅,a16z Bio fund. Backed Neuralink. Education philanthropy.,Pitch Slam; HTW Dinners
28,Vinod,Khosla,Khosla Ventures,Family Office,,https://www.linkedin.com/in/vinodkhosla/,https://www.khoslaventures.com,"Brain Tech, AI, Life Sciences, Mental Health, Diagnostics",San Francisco,curated_research,8,Y,YES ✅,"KV Bio: brain tech, mental health AI. Education donor.",Pitch Slam; HTW Dinners
29,Eric,Schmidt,Schmidt Futures,Family Office,,https://www.linkedin.com/in/ericschmidt/,https://www.schmidtfutures.com,"Brain Science, AI, Neuroscience, Life Sciences, Education",San Francisco,curated_research,8,Y,YES ✅,Schmidt Futures: science + education. Brain/neuro research.,Pitch Slam
30,Patrick,Collison,Patrick Collison,Angel,,https://www.linkedin.com/in/patrickcollison/,,"Life Sciences, Brain Science, AI, Research, Longevity",San Francisco,curated_research,8,N,YES ✅,Arc Institute (brain science). Fast Grants. Education.,Pitch Slam; HTW Dinners
31,Dustin,Moskovitz,Open Philanthropy,Family Office,,https://www.linkedin.com/in/dustinmoskovitz/,https://www.openphilanthropy.org,"Mental Health, Brain Science, AI Safety, Wellness, Behavioral",San Francisco,curated_research,8,Y,YES ✅,Mental health is key cause area. Education funder.,Pitch Slam; HTW Dinners
32,Sam,Altman,Sam Altman,Angel,,https://www.linkedin.com/in/samaltman/,,"Brain-Computer Interface, AI, Life Sciences, Longevity, Neuroscience",San Francisco,curated_research,8,Y,YES ✅,Backed Retro Bio. Brain/longevity. YC = education.,Pitch Slam; HTW Dinners
33,Tony,Fadell,Future Shape,Family Office,,https://www.linkedin.com/in/tonyfadell/,https://www.futureshape.com,"Brain Tech, Health, Wellness, AI, Neuroscience",San Francisco,curated_research,8,Y,YES ✅,Health/wellness tech. iPod/Nest inventor. Supports education.,Pitch Slam; HTW Dinners
34,Mike,Novogratz,Galaxy Digital,Family Office,,https://www.linkedin.com/in/michaelenovogratz/,,"Psychedelics, Mental Health, Wellness, Brain Science, Consumer",New York,curated_research,8,Y,YES ✅,Major psychedelic investor. Galaxy Life Sciences. Education donor.,Pitch Slam; HTW Dinners
35,Tim,Chang,Tim Chang / Mayfield,Angel,,https://www.linkedin.com/in/timchang/,,"Brain Tech, Wellness, Longevity, Mental Health, Consumer Health",San Francisco,curated_research,8,N,No,"Brain optimization, biohacking, longevity focus.",Pitch Slam; HTW Dinners
36,Laura,Deming,Longevity Fund,Angel,,https://www.linkedin.com/in/laurademing/,https://www.longevity.vc,"Longevity, Brain Aging, Neuroscience, Life Sciences, Therapeutics",San Francisco,curated_research,8,Y,YES ✅,Thiel Fellowship alum. Brain disease. Education supporter.,Pitch Slam; HTW Dinners
37,Kevin,O'Leary,Kevin O'Leary / Beanstox,Angel/Family Office,,https://www.linkedin.com/in/kevinolearytv/,,"Mental Health, Psychedelics, Life Sciences, Wellness, Consumer",Toronto/Boston,curated_research,8,Y,YES ✅,Invested in psychedelic companies. Supports education.,Pitch Slam; HTW Dinners
38,Tony,Robbins,Tony Robbins,Angel,,https://www.linkedin.com/in/tonyrobbins/,,"Wellness, Mental Health, Behavioral Health, Consumer, Longevity",San Diego,curated_research,8,N,YES ✅,Life Force author. Health/wellness tech. Education via seminars.,Pitch Slam; HTW Dinners
39,Dave,Asprey,Dave Asprey / Bulletproof,Angel,,https://www.linkedin.com/in/daveasprey/,,"Brain Health, Wellness, Biohacking, Longevity, Neuroscience",Victoria,curated_research,8,N,No,Bulletproof founder. Brain optimization pioneer.,Pitch Slam; HTW Dinners
40,Andrew,Huberman,Andrew Huberman,Angel,,https://www.linkedin.com/in/andrew-huberman/,,"Neuroscience, Brain Health, Mental Health, Wellness, Performance",Stanford,curated_research,8,N,YES ✅,Huberman Lab. Stanford neuroscience professor.,Pitch Slam; HTW Dinners
41,Peter,Attia,Peter Attia,Angel,,https://www.linkedin.com/in/peterattiamd/,,"Longevity, Brain Health, Mental Health, Wellness, Life Sciences",Austin,curated_research,8,N,YES ✅,Early Medical. Longevity education via podcast.,Pitch Slam; HTW Dinners
42,David,Sinclair,David Sinclair,Angel,,https://www.linkedin.com/in/david-sinclair-phd/,,"Longevity, Brain Aging, Neuroscience, Life Sciences, Epigenetics",Boston,curated_research,8,N,YES ✅,Harvard professor. Lifespan author. Longevity investor.,Pitch Slam; HTW Dinners
43,Sanjay,Gupta,Dr. Sanjay Gupta,Angel,,https://www.linkedin.com/in/drsanjaygupta/,,"Brain Health, Neuroscience, Mental Health, Wellness, Media",Atlanta,curated_research,8,N,YES ✅,CNN. Weed documentary. Brain health books. Education mission.,Pitch Slam; HTW Dinners
44,Yuri,Milner,DST Global / Breakthrough Prize,Family Office,,https://www.linkedin.com/in/yurimilner/,,"Life Sciences, Brain Science, AI, Neuroscience, Deep Tech",San Francisco,curated_research,8,Y,YES ✅,Breakthrough Prize in Life Sciences. Neuroscience research.,Pitch Slam
45,Sean,Parker,Parker Foundation,Family Office,,https://www.linkedin.com/in/sparker/,,"Life Sciences, Brain Science, Immunotherapy, Mental Health, AI",San Francisco,curated_research,8,Y,YES ✅,Parker Institute for Cancer. Brain science. Education donor.,Pitch Slam; HTW Dinners
46,Naveen,Jain,Viome,Angel/Family Office,,https://www.linkedin.com/in/naveenjain/,https://www.viome.com,"Brain-Gut, Wellness, Mental Health, AI, Life Sciences",Seattle,curated_research,8,Y,YES ✅,Viome (gut-brain). Brain health. Education initiatives.,Pitch Slam; HTW Dinners
47,Steve,Cohen,Point72 / Cohen Veterans Network,Family Office,,https://www.linkedin.com/in/stevencohen/,,"Mental Health, Veterans, Brain Science, Behavioral Health, AI",New York,curated_research,8,Y,YES ✅,Cohen Veterans Network: mental health clinics. Education donor.,Pitch Slam; HTW Dinners
48,Michael,Bloomberg,Bloomberg Philanthropies,Family Office,,https://www.linkedin.com/in/michaelbloomberg/,,"Mental Health, Public Health, Education, Brain Science, AI",New York,curated_research,8,Y,YES ✅,Public health + education. Mental health programs. Johns Hopkins.,Pitch Slam; HTW Dinners
49,Joby,Pritzker,Tao Capital Partners,Family Office,,https://www.linkedin.com/in/jobypritzker/,,"Brain Science, Education, Mental Health, Life Sciences, Impact",San Francisco,curated_research,8,Y,YES ✅,Pritzker Neuropsychiatric Disorders Consortium. Education.,Pitch Slam; HTW Dinners
50,John,Overdeck,Overdeck Family Foundation,Family Office,,https://www.linkedin.com/in/johnoverdeck/,,"Brain Science, Education, Mental Health, Mathematics, AI",New York,curated_research,8,Y,YES ✅,Two Sigma. STEM education. Brain development research.,Pitch Slam; HTW Dinners
51,Lady Gaga,Germanotta,Born This Way Foundation,Angel/Family Office,,https://www.linkedin.com/company/born-this-way-foundation/,https://bfrwy.org,"Mental Health, Youth Wellness, Behavioral Health",Los Angeles,curated_research,8,N,YES ✅,Youth mental health. Yale research partner.,HTW Dinners
52,Selena,Gomez,Wondermind,Angel,,https://www.linkedin.com/in/selenagomez/,https://www.wondermind.com,"Mental Health, Wellness, Consumer Health, Behavioral Health",Los Angeles,curated_research,8,N,No,Co-founded Wondermind. Rare Impact Fund.,Pitch Slam; HTW Dinners
53,Prince,Harry,Archewell / BetterUp,Angel/Family Office,,,https://www.archewell.com,"Mental Health, Wellness, Behavioral Health, Coaching",Montecito,curated_research,8,N,No,Chief Impact Officer BetterUp. Archewell: mental health.,HTW Dinners
54,Demi,Lovato,Demi Lovato,Angel,,,,"Mental Health, Behavioral Health, Wellness, Recovery",Los Angeles,curated_research,8,N,No,Mental health advocate. Recovery startup investor.,HTW Dinners
55,Michael,Phelps,Michael Phelps,Angel,,https://www.linkedin.com/in/michaelphelps/,,"Mental Health, Wellness, Sports, Fitness, Behavioral Health",Scottsdale,curated_research,8,N,YES ✅,Mental health advocate. Talkiatry investor. Phelps Foundation.,HTW Dinners
56,Jared,Leto,Jared Leto,Angel,,https://www.linkedin.com/in/jaredleto/,,"Mental Health, Wellness, Brain Tech, Life Sciences, Consumer",Los Angeles,curated_research,8,N,No,"Health tech, wellness investor. Backed Calm.",Pitch Slam; HTW Dinners
57,Oprah,Winfrey,Harpo / OWN,Family Office,,https://www.linkedin.com/in/oprahwinfrey/,,"Mental Health, Wellness, Education, Media, Behavioral Health",Los Angeles,curated_research,8,Y,YES ✅,Major mental health media. Backed Calm. Education philanthropy.,Pitch Slam; HTW Dinners
58,Will,Smith,Westbrook / Dreamers VC,Family Office,,https://www.linkedin.com/company/dreamers-vc/,https://dreamers.vc,"Mental Health, Wellness, Media, Consumer, Brain Health",Los Angeles,curated_research,8,N,YES ✅,Open about mental health. Wellness investor. Education.,Pitch Slam; HTW Dinners
59,Jay-Z,Carter,Marcy Venture Partners,Family Office,,https://www.linkedin.com/company/marcy-venture-partners/,https://www.marcyventurepart.com,"Mental Health, Wellness, Consumer, Media, Social Impact",New York,curated_research,8,Y,YES ✅,Backed Promise (mental health/justice). Shawn Carter Foundation.,Pitch Slam; HTW Dinners
60,Gwyneth,Paltrow,Goop,Angel/Family Office,,https://www.linkedin.com/in/gwyneth-paltrow/,https://goop.com,"Wellness, Mental Health, Brain Health, Consumer, DTC",Los Angeles,curated_research,8,N,No,Goop: wellness/mental health. Wellness brand investor.,Pitch Slam; HTW Dinners
61,Serena,Williams,Serena Ventures,Family Office,,https://www.linkedin.com/company/serena-ventures/,https://www.serenaventures.com,"Health, Wellness, Mental Health, Consumer, Education",San Francisco,curated_research,8,Y,YES ✅,"Health, wellness portfolio. Mental health advocate.",Pitch Slam; HTW Dinners
62,LeBron,James,SpringHill / LRMR,Family Office,,https://www.linkedin.com/company/springhill-entertainment/,,"Mental Health, Education, Media, Sports, Wellness",Los Angeles,curated_research,8,Y,YES ✅,I Promise School. Education philanthropist. Mental health advocate.,Pitch Slam; HTW Dinners
63,Matthew,McConaughey,Matthew McConaughey,Angel,,https://www.linkedin.com/in/matthewmcconaughey/,,"Mental Health, Wellness, Education, Youth, Consumer",Austin,curated_research,8,N,YES ✅,Just Keep Livin Foundation: youth mental health. UT professor.,Pitch Slam; HTW Dinners
64,Ashton,Kutcher,Sound Ventures,Family Office,,https://www.linkedin.com/in/aplusk/,https://www.sound.ventures,"Health Tech, AI, Mental Health, Consumer, Wellness",Los Angeles,curated_research,8,Y,YES ✅,Sound Ventures: health/AI. Thorn = child safety. Education.,Pitch Slam; HTW Dinners
65,Robert,Downey Jr.,FootPrint Coalition,Family Office,,https://www.linkedin.com/company/footprint-coalition/,https://www.footprintcoalition.com,"Brain Tech, AI, Sustainability, Wellness, Technology",Los Angeles,curated_research,8,N,No,FootPrint Coalition. Brain tech/wellness interest.,Pitch Slam; HTW Dinners
66,Jessica,Alba,Honest Company,Angel/Family Office,,https://www.linkedin.com/in/jessicaalba/,,"Wellness, Health, Consumer, Mental Health, DTC",Los Angeles,curated_research,8,N,YES ✅,Honest Company. Health/wellness. Education supporter.,Pitch Slam; HTW Dinners
67,Cindy,Eckert,Pinkubator,Angel,,https://www.linkedin.com/in/cindyeckert/,,"Women's Health, Mental Health, Sexual Health, Wellness, Life Sciences",Raleigh,curated_research,8,Y,No,Addyi creator. Pinkubator: women's health. Mental health.,HTW Dinners
68,Matt,Mullenweg,Matt Mullenweg,Angel,,https://www.linkedin.com/in/mattm/,,"Mental Health, Wellness, Technology, Open Source",Houston,curated_research,8,N,YES ✅,WordPress founder. Mental health investor. Distributed education.,HTW Dinners
69,George,Church,George Church,Angel,,https://www.linkedin.com/in/george-church-harvard/,,"Life Sciences, Brain Tech, Neuroscience, Genetics, Longevity",Boston,curated_research,8,N,YES ✅,Harvard/MIT geneticist. 50+ companies. Major education figure.,Pitch Slam; HTW Dinners
70,Sonia,Arrison,Sonia Arrison,Angel,,https://www.linkedin.com/in/soniaarrison/,,"Longevity, Brain Science, Life Sciences, AI, Neuroscience",San Francisco,curated_research,8,N,YES ✅,100 Plus author. Singularity University. Brain science + education.,Pitch Slam; HTW Dinners
71,Mark,Hyman,Dr. Mark Hyman,Angel,,https://www.linkedin.com/in/drmarkhyman/,,"Brain Health, Wellness, Mental Health, Functional Medicine, Longevity","Lenox, MA",curated_research,8,N,YES ✅,Cleveland Clinic. Function Health. Education via books.,Pitch Slam; HTW Dinners
72,David,Geffen,David Geffen Foundation,Family Office,,,,"Brain Science, Mental Health, Education, Life Sciences, Media",Los Angeles,curated_research,8,Y,YES ✅,Geffen School of Medicine (UCLA). Neuroscience/mental health funder.,Pitch Slam; HTW Dinners
73,Leonard,Lauder,Lauder Foundation,Family Office,,,,"Brain Science, Alzheimer's, Mental Health, Life Sciences, Education",New York,curated_research,8,Y,YES ✅,Alzheimer's research funding. Education donor.,Pitch Slam; HTW Dinners
74,Steve,Cohen,Point72 / Cohen Veterans,Family Office,,https://www.linkedin.com/in/stevencohen/,,"Mental Health, Veterans, Brain Science, Behavioral Health, AI",New York,curated_research,8,Y,YES ✅,Cohen Veterans Network. Behavioral health funder. Education.,Pitch Slam; HTW Dinners
75,Henry,McCance,Greylock / McCance,Angel/Family Office,,,,"Brain Science, Mental Health, Life Sciences, Neuroscience",Boston,curated_research,8,Y,YES ✅,Greylock founder. Stanley Center for Psychiatric Research.,Pitch Slam; HTW Dinners
76,Stewart,Resnick,Wonderful Company,Family Office,,https://www.linkedin.com/in/stewartresnick/,,"Health, Wellness, Life Sciences, Agriculture, Education",Los Angeles,curated_research,8,Y,YES ✅,Resnick Neuropsychiatric Hospital UCLA. Education donor.,HTW Dinners
77,Jim,Simons,Simons Foundation,Family Office,,,https://www.simonsfoundation.org,"Brain Science, Neuroscience, Autism, Mathematics, Education",New York,curated_research,8,Y,YES ✅,SFARI (autism brain research). Major math/science education.,Pitch Slam
78,Mark,Zuckerberg,Chan Zuckerberg Initiative,Family Office,,https://www.linkedin.com/in/markzuckerberg/,https://chanzuckerberg.com,"Brain Science, Neuroscience, Education, Life Sciences, AI",Palo Alto,curated_research,8,Y,YES ✅,CZI: brain science + education are two pillars.,Pitch Slam
79,Eli,Broad,Broad Foundation,Family Office,,,https://broadfoundation.org,"Life Sciences, Brain Science, Education, Genomics, Neuroscience",Los Angeles,curated_research,8,Y,YES ✅,Broad Institute (MIT/Harvard). Brain science + education funder.,Pitch Slam
80,Paul,Allen,Allen Institute,Family Office,,,https://alleninstitute.org,"Brain Science, Neuroscience, AI, Life Sciences, Education",Seattle,curated_research,8,Y,YES ✅,Allen Institute for Brain Science. Neuroscience/education funder.,Pitch Slam
81,Jamie,Dimon,JPMorgan / Angel,Angel/Family Office,,https://www.linkedin.com/in/jamiedimon/,,"Mental Health, Wellness, Education, Health, Financial Wellness",New York,curated_research,8,Y,YES ✅,Mental health workplace programs. Education supporter.,HTW Dinners
82,Bob,Iger,Bob Iger,Angel/Family Office,,https://www.linkedin.com/in/robertiger/,,"Mental Health, Media, Wellness, Brain Health, Education",Los Angeles,curated_research,8,Y,YES ✅,Mental health content. Personal wellness investments. Education.,Pitch Slam; HTW Dinners
83,J.B.,Pritzker,Pritzker Group,Family Office,,https://www.linkedin.com/in/jbpritzker/,,"Mental Health, Education, Health, Life Sciences, Social Impact",Chicago,curated_research,8,Y,YES ✅,Pritzker family: mental health + education funders.,HTW Dinners
84,James,Lind,Lind Partners,Family Office,,https://www.linkedin.com/in/jameslind/,,"Life Sciences, Brain Tech, Neuroscience, Mental Health, Therapeutics",New York,curated_research,8,Y,No,Life sciences specialist. Brain-focused therapeutics.,Pitch Slam; HTW Dinners
85,Dara,Khosrowshahi,Dara Khosrowshahi,Angel,,https://www.linkedin.com/in/darakhosrowshahi/,,"Health Tech, Mental Health, Wellness, AI, Consumer",San Francisco,curated_research,8,N,No,Uber CEO. Health tech investments. Mental health advocate.,Pitch Slam; HTW Dinners
86,Dr. Oz,Mehmet,Dr. Oz,Angel,,https://www.linkedin.com/in/droz/,,"Brain Health, Wellness, Mental Health, Consumer Health, Life Sciences",New York,curated_research,8,N,YES ✅,Brain health platform. Health/wellness. Columbia professor.,Pitch Slam; HTW Dinners
87,Katy,Perry,Katy Perry,Angel,,,,"Mental Health, Wellness, Meditation, Consumer, Brand",Los Angeles,curated_research,8,N,No,Transcendental Meditation advocate. Wellness investor.,Pitch Slam; HTW Dinners
88,Jennifer,Aniston,Jennifer Aniston,Angel,,,,"Wellness, Mental Health, Consumer Health, Beauty, Longevity",Los Angeles,curated_research,8,N,No,Wellness brand investor (Vital Proteins). Mental health advocate.,Pitch Slam; HTW Dinners
89,Nas,Jones,QueensBridge VP,Family Office,,https://www.linkedin.com/company/queensbridge-venture-partners/,,"Mental Health, Consumer, Media, Technology, Social Impact",New York,curated_research,8,N,YES ✅,Promise (mental health/justice). Education programs.,Pitch Slam; HTW Dinners
90,Kevin,Durant,Thirty Five Ventures,Family Office,,https://www.linkedin.com/company/thirty-five-ventures/,https://thirtyfiveventures.com,"Mental Health, Media, Consumer, Sports, Wellness",San Francisco,curated_research,8,N,No,Mental health advocate. Wellness investor.,Pitch Slam; HTW Dinners
91,Steph,Curry,Penny Jar Capital,Family Office,,https://www.linkedin.com/company/penny-jar-capital/,,"Mental Health, Consumer, Media, Sports, Wellness",San Francisco,curated_research,8,N,YES ✅,Mental performance focus. Education supporter.,Pitch Slam; HTW Dinners
92,Andre,Iguodala,Catalyst Fund,Angel,,https://www.linkedin.com/in/andreiguodala/,,"Mental Health, Consumer, Sports, Wellness, Technology",San Francisco,curated_research,8,N,No,Mental performance advocate. Wellness/sports tech investor.,Pitch Slam; HTW Dinners
93,Tyra,Banks,Fierce Capital,Angel/Family Office,,https://www.linkedin.com/in/tyrabanks/,,"Mental Health, Consumer, Media, Wellness, Female Founders",Los Angeles,curated_research,8,N,YES ✅,Mental health advocate. Fierce Capital. Stanford education.,Pitch Slam; HTW Dinners
94,Scooter,Braun,TQ Ventures,Family Office,,https://www.linkedin.com/in/scooterbraun/,https://www.tqventures.com,"Mental Health, Media, Entertainment, Consumer, Wellness",Los Angeles,curated_research,8,Y,No,Media/entertainment. Mental health awareness. TQ Ventures.,Pitch Slam; HTW Dinners
95,Troy,Carter,Q&A Ventures,Family Office,,https://www.linkedin.com/in/troycarter/,,"Mental Health, Media, Entertainment, Consumer, Wellness",Los Angeles,curated_research,8,Y,No,Lady Gaga's former manager. Mental health + wellness investments.,Pitch Slam; HTW Dinners
96,Mark,Cuban,Mark Cuban Cos,Angel/Family Office,,https://www.linkedin.com/in/markcuban/,https://markcubancompanies.com,"Health, AI, Consumer, Wellness, Mental Health",Los Angeles,curated_research,8,Y,YES ✅,Cost Plus Drugs. Health accessibility. Education supporter.,Pitch Slam; HTW Dinners
97,Paige,Craig,Arena Ventures,Angel/Family Office,,https://www.linkedin.com/in/paigecraig/,,"Mental Health, Consumer, Media, Entertainment, Wellness",Los Angeles,curated_research,8,Y,No,Consumer/entertainment investor. Mental health advocate.,Pitch Slam; HTW Dinners
98,Michael,Ovitz,Broad Beach Ventures,Family Office,,https://www.linkedin.com/in/michaelovitz/,,"Mental Health, Media, Entertainment, AI, Consumer",Los Angeles,curated_research,8,Y,No,CAA founder. Entertainment/media investments. Mental health.,Pitch Slam; HTW Dinners
99,Joe,Montana,Liquid 2 Ventures,Family Office,,https://www.linkedin.com/in/joemontana/,https://www.liquid2.vc,"Health, Consumer, Wellness, Mental Performance, Sports",San Francisco,curated_research,8,Y,YES ✅,Athlete mental health advocate. Health investments. Education.,Pitch Slam; HTW Dinners
100,Bozoma,Saint John,Boz Saint John,Angel,,https://www.linkedin.com/in/baboruett/,,"Mental Health, Consumer, Media, Marketing, Wellness",Los Angeles,curated_research,8,N,No,Mental health advocate. Consumer/media investor.,Pitch Slam; HTW Dinners
101,Matt,Dahi,Empath Ventures,Angel Investor,,https://www.linkedin.com/in/mattdahi/,,Mental Health; Digital Therapeutics; Psychedelics,Los Angeles CA,deep_research,8,No,No,Early investor in psychedelic wellness startups; co-founder of Empath Ventures focused on consciousness tech,HTW Dinners
102,Ekaterina,Malievskaia,Usona Institute,Angel / Philanthropist,,https://www.linkedin.com/in/ekaterina-malievskaia/,https://www.usonainstitute.org/,Psychedelics; Psilocybin; Mental Health Research,Madison WI,deep_research,8,Yes,No,Co-founder of Usona Institute; major funder of psilocybin depression research; medical doctor turned psychedelic advocate,HTW Dinners
103,Bill,Linton,Former Aphria CEO / Private Investor,Angel Investor,,https://www.linkedin.com/in/billlinton/,,Cannabis; Psychedelics; Mental Health; Life Sciences,Ontario Canada,deep_research,8,No,No,Former CEO of Aphria; angel investments in psychedelic-adjacent biotech companies,HTW Dinners
104,Ronan,Levy,Field Trip Health,Angel / Operator-Investor,,https://www.linkedin.com/in/ronanlevy/,https://www.fieldtriphealth.com/,Psychedelics; Ketamine Therapy; Mental Health Clinics,Toronto Canada,deep_research,8,Yes,No,Co-founder Field Trip Health; active angel in psychedelic medicine ecosystem,HTW Dinners
105,J.R.,Rahn,MindMed,Angel / Operator-Investor,,https://www.linkedin.com/in/jrrahn/,,Psychedelics; Neuroscience; Digital Medicine,New York NY,deep_research,8,Yes,No,Co-founder of MindMed; early psychedelic biotech entrepreneur; invests in neuro-adjacent startups,
106,Robert,Friedland,Ivanhoe Capital / Private Investor,Family Office,,https://www.linkedin.com/in/robert-friedland/,,Mining; Biotech; Psychedelics; Neuroscience,Singapore,deep_research,8,No,No,Billionaire mining magnate; early backer of psychedelic research; connected to consciousness exploration,
107,Daniel,Carcillo,Wesana Health,Angel / Operator-Investor,,https://www.linkedin.com/in/danielcarcillo/,,Psychedelics; TBI; Brain Health; Psilocybin,Chicago IL,deep_research,8,Yes,No,Former NHL player; founded Wesana Health for psilocybin-based TBI treatment; outspoken mental health + brain injury advocate,Pitch Slam; HTW Dinners
108,Lamar,Odom,Private Investor,Celebrity Investor,,,,Psychedelics; Ketamine Therapy; Mental Health; Wellness,Los Angeles CA,deep_research,8,No,No,Former NBA star; publicly invested in ketamine therapy clinics; mental health advocacy,HTW Dinners
109,Mike,Tyson,Tyson Ranch / Private Investor,Celebrity Investor,,,,Psychedelics; Cannabis; Wellness; Mental Health,Las Vegas NV,deep_research,8,No,No,Vocal psychedelic advocate; invested in toad-venom therapy and psychedelic wellness brands,HTW Dinners
110,Aaron,Rodgers,Private Investor,Celebrity Investor,,,,Psychedelics; Ayahuasca; Mental Health; Wellness,Los Angeles CA,deep_research,8,No,No,NFL quarterback; publicly discussed ayahuasca journeys; angel investments in mental health/wellness startups,HTW Dinners
111,Rick,Doblin,MAPS / Psychedelic Philanthropist,Angel / Philanthropist,,https://www.linkedin.com/in/rickdoblin/,https://maps.org/,Psychedelics; MDMA Therapy; PTSD; Mental Health Research,Boston MA,deep_research,8,Yes,YES ✅,Founder of MAPS; godfather of psychedelic medicine movement; also funds psychedelic education programs,HTW Dinners
112,Carey,Carpenter,Palo Santo / Private Investor,Angel Investor,,https://www.linkedin.com/in/careycarpenter/,,Psychedelics; Biotech; Mental Health; Neuroscience,San Francisco CA,deep_research,8,No,No,Founded Palo Santo; early-stage investor in psychedelic biotech,HTW Dinners
113,Boris,Nikolic,Biomatics Capital,Family Office / VC,,https://www.linkedin.com/in/boris-nikolic-md/,https://www.biomaticscapital.com/,Biotech; Genomics; Neuroscience; Digital Health,Seattle WA,deep_research,8,Yes,No,Former science advisor to Bill Gates; runs Biomatics Capital; invests in neuroscience and precision medicine,HTW Dinners
114,Martine,Rothblatt,United Therapeutics / Private Investor,Angel / Operator-Investor,,https://www.linkedin.com/in/martine-rothblatt/,,Biotech; Organ Manufacturing; Brain Tech; Consciousness; Transhumanism,Silver Spring MD,deep_research,8,Yes,YES ✅,Billionaire transhumanist; CEO United Therapeutics; funds consciousness research and brain-computer interface; also education initiatives,Pitch Slam
115,Thomas,Insel,Former NIMH Director / Private Investor,Angel Investor,,https://www.linkedin.com/in/thomasinsel/,,Neuroscience; Mental Health; Digital Therapeutics; Brain Tech,Palo Alto CA,deep_research,8,Yes,YES ✅,Former director of NIMH (13 years); angel investor in mental health tech; also invests in neuroscience education platforms,Pitch Slam; HTW Dinners
116,Adam,Gazzaley,Neuroscape / UCSF,Angel / Academic-Investor,,https://www.linkedin.com/in/adamgazzaley/,https://neuroscape.ucsf.edu/,Neuroscience; Brain Tech; Digital Therapeutics; Cognitive Health,San Francisco CA,deep_research,8,No,YES ✅,UCSF neuroscientist; co-founded Akili Interactive; advisor/investor in brain tech startups; also education,Pitch Slam; HTW Dinners
117,Tan,Le,EMOTIV,Angel / Operator-Investor,,https://www.linkedin.com/in/tanle/,https://www.emotiv.com/,Brain-Computer Interface; Neuroscience; EEG; Mental Health,San Francisco CA,deep_research,8,No,YES ✅,CEO of EMOTIV brain-sensing tech; angel investor in neurotechnology and brain education companies,Pitch Slam; HTW Dinners
118,Mary,Dahl,Masawa Fund,Angel / Impact Investor,,https://www.linkedin.com/in/marydahl/,https://masawa.fund/,Mental Health; Consciousness; Psychedelics; Impact Investing,Zurich Switzerland,deep_research,8,Yes,No,Partner at Masawa mental health impact fund; invests globally in mental wellness innovation,HTW Dinners
119,Lisa,Suennen,Manatt Phelps Phillips,Angel Investor,,https://www.linkedin.com/in/lisasuennen/,,Digital Health; Mental Health; Health Tech; Behavioral Health,San Francisco CA,deep_research,8,No,No,Managing partner of health at Manatt; prolific angel investor in behavioral health and digital therapeutics,HTW Dinners
120,Andy,Gold,OurCrowd / Private Investor,Angel Investor,,https://www.linkedin.com/in/andygold/,,Psychedelics; Biotech; Neuroscience; Health Tech,Tel Aviv Israel,deep_research,8,No,No,Active angel in Israeli psychedelic biotech; OurCrowd venture partner; backed multiple neuro startups,HTW Dinners
121,Harriet,de Speville,Iter Investments,Family Office,,https://www.linkedin.com/in/harriet-de-speville/,,Psychedelics; Mental Health; Wellness; Impact,London UK,deep_research,8,Yes,No,Runs Iter Investments focused on psychedelic and mental health ventures; UK-based family office,HTW Dinners
122,Tania,de Jong,Creative Universe / Angel Investor,Angel Investor,,https://www.linkedin.com/in/taniadejong/,,Mental Health; Psychedelics; Creativity; Wellness,Melbourne Australia,deep_research,8,No,YES ✅,Entrepreneur and angel; publicly invested in psychedelic-assisted therapy; also funds creativity/education ventures,HTW Dinners
123,Greg,Kubin,Vine Ventures,Angel / VC,,https://www.linkedin.com/in/gregkubin/,,Psychedelics; Mental Health; Consciousness Tech,San Francisco CA,deep_research,8,Yes,No,Host of Business Trip podcast on psychedelics; runs Vine Ventures investing in psychedelic ecosystem,HTW Dinners
124,Ryan,Zurrer,Dialectic / Private Investor,Family Office,,https://www.linkedin.com/in/ryanzurrer/,,Psychedelics; Web3; Consciousness; Wellness,Zug Switzerland,deep_research,8,No,No,Founder of Dialectic; psychedelic philanthropist; backed Compass Pathways and multiple psychedelic ventures,HTW Dinners
125,George,Sarlo,Walden Venture Capital,Angel / VC,,https://www.linkedin.com/in/george-sarlo/,,Neuroscience; Psychedelics; Consciousness; Life Sciences,San Francisco CA,deep_research,8,Yes,No,Co-founded Walden VC; major donor to psychedelic research at Johns Hopkins and UCSF,
126,Terry,Grossman,Private Investor / Physician,Angel Investor,,,,Longevity; Neuroscience; Brain Health; Anti-aging,Denver CO,deep_research,8,No,No,Longevity physician; co-author with Ray Kurzweil; angel investments in brain health and cognitive enhancement startups,Pitch Slam; HTW Dinners
127,Nichol,Bradford,Willow / Transformative Technology,Angel / Operator-Investor,,https://www.linkedin.com/in/nicholbradford/,https://www.transformativetech.org/,Consciousness; Mental Health Tech; Brain-Computer Interface; Transformative Tech,Los Angeles CA,deep_research,8,No,YES ✅,CEO of Willow; founder Transformative Technology; angel investor bridging consciousness tech and education,Pitch Slam; HTW Dinners
128,Steve,Jurvetson,Future Ventures,VC / Angel,,https://www.linkedin.com/in/jurvetson/,,Neuroscience; Psychedelics; DeepTech; Longevity; Space,Menlo Park CA,deep_research,8,Yes,No,Founding partner Future Ventures; publicly supportive of psychedelic research; invests in frontier neurotech,HTW Dinners
129,Beth,Ferreira,FirstMark Capital / Angel,Angel Investor,,https://www.linkedin.com/in/bethferreira/,,Mental Health; Consumer Health; Wellness; Digital Health,New York NY,deep_research,8,No,No,Active angel in mental health and wellness consumer brands,Pitch Slam; HTW Dinners
130,Sarah,Kauss,S'well / Private Investor,Angel Investor,,https://www.linkedin.com/in/sarahkauss/,,Wellness; Mental Health; Consumer Health; Sustainability,New York NY,deep_research,8,No,No,Founder of S'well; angel investments in wellness and mental health consumer startups,Pitch Slam; HTW Dinners
131,Neeraj,Kingsland,Psychedelic Angel,Angel Investor,,https://www.linkedin.com/in/neerajkingsland/,,Psychedelics; Buddhism; Meditation; Mental Health,New York NY,deep_research,8,No,YES ✅,Author of psychedelic and Buddhist meditation books; angel investor in consciousness tech; also education,HTW Dinners
132,Graham,Boyd,Emergent Capital / Private Investor,Family Office,,https://www.linkedin.com/in/grahamboyd/,,Psychedelics; Consciousness; Regenerative Finance; Mental Health,Berlin Germany,deep_research,8,No,No,Runs family capital focused on psychedelic integration and regenerative systems,HTW Dinners
133,Kabir,Sehgal,Private Investor / Author,Angel Investor,,https://www.linkedin.com/in/kabirsehgal/,,Neuroscience; Mental Health; Music Therapy; Creativity,New York NY,deep_research,8,No,YES ✅,Grammy-winning producer; author; angel investor in neuroscience and music/creativity/education ventures,HTW Dinners
134,Bob,Parsons,YAM Worldwide / PXG,Family Office,,https://www.linkedin.com/in/bobparsons/,https://yamworldwide.com/,Veteran Mental Health; Brain Injury; Wellness,Scottsdale AZ,deep_research,8,Yes,No,GoDaddy founder; billionaire; family office invests in veteran PTSD and brain injury treatment,Pitch Slam; HTW Dinners
135,Jon,Atkinson,MindShift Capital,Angel Investor,,https://www.linkedin.com/in/jonatkinson/,,Mental Health; Neuroscience; Behavioral Health; Digital Therapeutics,London UK,deep_research,8,No,No,Runs MindShift Capital focused on behavioral health startups; UK-based angel,HTW Dinners
136,Liana,Sananda Gillooly,Private Investor,Angel / Philanthropist,,,,Psychedelics; Women's Health; Mental Health; Consciousness,Oakland CA,deep_research,8,No,No,Psychedelic philanthropist; backed women-focused psychedelic therapy initiatives,HTW Dinners
137,Aubrey,Drake Graham,OVO Sound / Private Investor,Celebrity Investor,,,,Mental Health; Wellness; Music Therapy; Consumer Brands,Toronto Canada,deep_research,8,No,No,Rapper/artist; invested in mental health and wellness brands; OVO franchise includes wellness ventures,Pitch Slam; HTW Dinners
138,Russell,Brand,Private Investor / Advocate,Celebrity / Angel,,,,Mental Health; Addiction Recovery; Psychedelics; Wellness,London UK,deep_research,8,No,No,Vocal mental health and recovery advocate; invested in addiction recovery and mental health startups,HTW Dinners
139,Agustín,Fernández,Holistic Capital,Angel Investor,,https://www.linkedin.com/in/agustinfernandez/,,Brain Tech; Neuroscience; AI-Health; Digital Therapeutics,San Francisco CA,deep_research,8,No,No,Early-stage investor in brain-tech and AI-powered mental health startups,Pitch Slam; HTW Dinners
140,Anastasia,Nyrkovskaya,Noetic Fund,Angel / VC,,https://www.linkedin.com/in/anastasianyrkovskaya/,,Psychedelics; Consciousness; Neuroscience; Biotech,New York NY,deep_research,8,Yes,No,Runs Noetic Fund focused on consciousness-expanding therapeutics and psychedelic biotech,
141,Tim,Fong,UCLA / Private Investor,Angel / Academic,,https://www.linkedin.com/in/timothyfong/,,Neuroscience; Addiction; Behavioral Health; Gambling Research,Los Angeles CA,deep_research,8,No,YES ✅,UCLA psychiatrist; angel investor in behavioral health tech; also funds addiction education programs,HTW Dinners
142,Dipak,Jain,Private Investor / Former Kellogg Dean,Angel Investor,,https://www.linkedin.com/in/dipakjain/,,Neuroscience; Education; Leadership; Wellness,Chicago IL,deep_research,8,No,YES ✅,Former dean of Kellogg School; angel investor in neuroscience-based leadership and education tech,HTW Dinners
143,Dennis,McKenna,Private Investor / Academic,Angel / Academic,,https://www.linkedin.com/in/dennismckenna/,,Psychedelics; Ethnobotany; Neuroscience; Consciousness,Minneapolis MN,deep_research,8,No,YES ✅,Ethnobotanist; brother of Terence McKenna; invests in and advises psychedelic research companies; also education,
144,Gerard,Adams,Fownders / Private Investor,Angel Investor,,https://www.linkedin.com/in/gerardadams/,https://fownders.com/,Mental Health; Entrepreneurship; Wellness; Youth Development,New York NY,deep_research,8,No,YES ✅,Co-founded Elite Daily; runs Fownders; angel investor in mental health and entrepreneurship education,HTW Dinners
145,Christian,Busch,Private Investor / Academic,Angel Investor,,https://www.linkedin.com/in/christianbusch/,,Neuroscience; Serendipity; Wellness; Social Impact,New York NY,deep_research,8,No,YES ✅,NYU professor; angel investor in neuroscience-based wellness and education startups,HTW Dinners
146,Manoj,Bhargava,5-hour Energy / Billions in Change,Family Office,,https://www.linkedin.com/in/manojbhargava/,https://billionsinchange.com/,Brain Health; Medical Devices; Clean Energy; Philanthropy,Farmington Hills MI,deep_research,8,Yes,No,5-hour Energy billionaire; funds brain health devices and medical innovation through Billions in Change,Pitch Slam; HTW Dinners
147,Alasdair,Nichol,Consciousness Capital,Angel Investor,,https://www.linkedin.com/in/alasdairnichol/,,Psychedelics; Consciousness; Art; Mental Health,New York NY,deep_research,8,No,No,Former Christie's chair; angel investor in consciousness and psychedelic ventures,HTW Dinners
148,Payton,Manning,Private Investor,Celebrity Investor,,,,Wellness; Brain Health; Recovery; Sports Medicine,Denver CO,deep_research,8,No,No,NFL legend; invested in brain health diagnostics and recovery technology startups,Pitch Slam; HTW Dinners
149,Joanne,Wilson,Gotham Gal Ventures,Angel Investor,,https://www.linkedin.com/in/joanne-wilson-b0886110/,http://www.gothamgal.com/,Wellness; Mental Health; Consumer Health; Women's Health,New York NY,deep_research,8,Yes,No,Prolific angel investor (67+ investments); backs wellness and mental health consumer brands; strong health/wellness portfolio,Pitch Slam; HTW Dinners
150,Jennifer,Piro,The Cannabis Syndicate,Angel Investor,,https://www.linkedin.com/in/jepiro/,,Cannabis; Psychedelics; Mental Health; Plant Medicine,Washington DC,deep_research,8,No,No,Runs The Cannabis Syndicate angel group; bridge between cannabis and psychedelic medicine investing,HTW Dinners
