Name,Fund,Email,Location (City),Location (State),Location (Country),Type of Investor,Stage: Investment Thesis,Sector: Investment Thesis,LinkedIn,Website,Leads Rounds?,Typical Check Size,Pitch Submission URL,Warm Intro Path,Relationship Strength,Status,Priority Tier,Fund Size,Notable Portfolio Companies,Takes Board Seats?,Founder Reputation,Investor Content,Investor Tempo,Email Status,Email Notes,Known Co-Investors,Decision Authority,Anti-Portfolio (Known Passes),How to Pitch This Investor,Red Flags / Won't Invest,Open Access / Office Hours,Typical Response Time,Avg Days to Term Sheet,Founder Diversity Track Record,Social Activity Score,Primary Social Platform,Common Pass Reasons,Best Time to Pitch,Term Sheet Source,Reputation Notes,Data Confidence Level,Last Verified Date,Corrections Made,Deduplication Notes,Quality Score,Matching Deals,Deal Count
Alex Taussig,Lightspeed Venture Partners,alex@lsvp.com,Menlo Park,California,United States,VC,"Seed, Series A, Series B, Growth","AI, Consumer, Enterprise, Health, Fintech, Creator Economy",https://linkedin.com/in/alextaussig,https://lsvp.com,Yes,$1M-$50M+,https://lsvp.com/pitch/,,,,Tier 1,$10B+,"Snap, Affirm, Carta, Rubrik, Mulesoft, Epic Games, Grubhub, AppDynamics",Yes,,,Medium (3-6 weeks),Verified — MX Valid,,"Sequoia, Accel, GV, a16z, Greylock",GP / Decision Maker,,"At Lightspeed, he focuses on consumer and fintech. He's published 'Drinking from the Firehose' newsletter with his investment thinking. He's publicly stated he values data-informed founders who understand user behavior deeply.",,Apply: https://lsvp.com/pitch/,2-3 weeks,14-30 days,,,,,"Best: Q1 (Jan-Mar, new fund year, deploying capital). Avoid: Aug, late Dec (vacation). [Source: industry standard]",Source: Structured multi-meeting; published founder accounts,,,,,,7,"ciis, countryline, htw, needle, psymed",5
Antoine Papiernik,Sofina,antoine@sofina.be,Brussels,,Belgium,VC,Growth / Late Stage,"Consumer, SaaS, Fintech, Health",https://linkedin.com/in/antoinepapiernik,https://sofina.com,Yes,$10M-$100M,,,None,Not Contacted,High,$10B+,"ByteDance (early European investor), Swiggy, Deliveroo",Yes,4,,,,,,,Managing Partner,,,,,30+ days,,,2,LinkedIn,,,Belgian dynasty family PE/VC. Massive. Source: sofina.com,Medium,,,,7,"ciis, countryline, htw, needle, psymed",5
Arif Janmohamed,Lightspeed Venture Partners,arif@lsvp.com,Menlo Park,California,United States,VC,"Seed, Series A, Series B, Growth","AI, Consumer, Enterprise, Health, Fintech, Creator Economy",https://linkedin.com/in/arifj,https://lsvp.com,Yes,$1M-$50M+,https://lsvp.com/pitch/,,,,Tier 1,$10B+,"Snap, Affirm, Carta, Rubrik, Mulesoft, Epic Games, Grubhub, AppDynamics",Yes,,,Medium (3-6 weeks),Verified — MX Valid,,"Sequoia, Accel, GV, a16z, Greylock",GP / Decision Maker,,"At Lightspeed Venture Partners, he focuses on enterprise and SaaS. He's publicly stated he looks for companies with 'land and expand' go-to-market strategies. Lightspeed publishes sector insights on their blog.",,Apply: https://lsvp.com/pitch/,2-3 weeks,14-30 days,,,,,"Best: Q1 (Jan-Mar, new fund year, deploying capital). Avoid: Aug, late Dec (vacation). [Source: industry standard]",Source: Structured multi-meeting; published founder accounts,,,,,,7,"ciis, countryline, htw, needle, psymed",5
Aydin Senkut,Felicis Ventures,aydin@felicis.com,Menlo Park,California,United States,VC,"Seed, Series A, Series B","AI, Consumer, Health, Enterprise, Fintech",https://linkedin.com/in/aydinsenkut,https://felicis.com,Yes,$500K-$10M,https://www.felicis.com/pitch,,,,Tier 1,$900M,"Shopify, Credit Karma, Fitbit, Adyen, Canva, Notion, Plaid",Yes,,,Medium (3-6 weeks),Verified — MX Valid,,"Founders Fund, Craft Ventures, First Round, a16z, Bessemer",GP / Decision Maker,,"At Felicis Ventures, he's publicly stated he looks for 'audacious founders' tackling global problems. He's said he was early to Shopify, Fitbit, and Credit Karma because he saw demographic shifts. Lead with the macro trend you're riding. Felicis publishes its portfolio thesis on their website.",,Apply: https://www.felicis.com/pitch,2-3 weeks,14-30 days,,,,,"Best: Q1 (Jan-Mar, new fund year, deploying capital). Avoid: Aug, late Dec (vacation). [Source: industry standard]",Source: Investor's documented medium response time in database,,,,,,7,"ciis, countryline, htw, needle, psymed",5
Beatriz González,Seaya Ventures,beatriz@seayaventures.com,Madrid,,Spain,VC,Series A / Growth,"Impact, Consumer, Fintech, Health, Climate",https://linkedin.com/in/beatrizgonzalezseaya,https://seayaventures.com,Yes,$1M-$15M,,,None,Not Contacted,High,$300M,"Glovo, Wallbox, Cobee, Playtomic",Yes,4,,,,,,,Founding Partner,,,,,14-30 days,,,3,LinkedIn,,,Impact-focused growth VC. Source: seayaventures.com,Medium,,,,7,"ciis, countryline, htw, needle, psymed",5
Brittany Walker,CRV,brittany@crv.com,,,,VC,"Seed, Series A","Enterprise, Consumer Electronics, E-Commerce, Marketplaces, Media and Entertainment, Fintech, Lifestyle and Wellness, Applications, SaaS, Software, Consumer",https://linkedin.com/in/brittwalker1,https://www.crv.com,Yes,$1M-$10M,https://www.crv.com/pitch,,None,Not Contacted,,$3B+,"Twitter, DoorDash, Airtable, HubSpot, Zendesk, Patreon",Yes,3,CRV content: crv.com/content,Medium (3-6 weeks),Verified — MX Valid,,"Sequoia, a16z, Greylock, Lightspeed, General Catalyst",Partner,,,Well-established but medium-slow process (3-6 weeks). Source: crv.com/content.,Apply: crv.com/pitch,2-3 weeks,14-30 days,,3,LinkedIn,Not enough traction for CRV's stage; Market not large enough; Insufficient technical differentiation [Source: crv.com/content],"Best: Q1 (Jan-Mar). Apply: crv.com/pitch. Avoid: Aug, late Dec. [Source: crv.com, industry standard]",Source: Established firm with multi-meeting process; crv.com,"CRV. Benefits from strong firm infrastructure and deal flow. [Source: General community reputation based on public founder testimonials, blog posts, podcast interviews, and published accounts. Not independently verified.]",Medium,,,,7,"ciis, countryline, htw, needle, psymed",5
David Wehrs,Bessemer Venture Partners,david@bvp.com,,,,VC,"Seed, Series A, Series B+, Growth","Blockchain, Consumer, Enterprise, Healthcare",https://www.linkedin.com/in/davidwehrs/#,https://www.bvp.com/,Yes,$1M-$50M+,https://www.bvp.com/pitch,,None,Not Contacted,,$3.5B+,"Shopify, Pinterest, Twilio, LinkedIn, Yelp, Twitch, Wix, Toast",Yes,3,Bessemer content: bvp.com/atlas | BVP Cloud Index | Anti-Portfolio: bvp.com/anti-portfolio,Medium (3-6 weeks),Verified — MX Valid,,"Sequoia, Accel, a16z, Index Ventures, Lightspeed",Partner,"Passed on Google, Apple, Facebook, Airbnb, PayPal, Snapchat, eBay, Intel, FedEx (BVP publishes anti-portfolio at bvp.com/anti-portfolio)",,"Famous anti-portfolio: passed on Google, Apple, Facebook, Airbnb, PayPal, Snapchat, eBay, Intel, FedEx. Won't invest pre-revenue at Series A — need clear path to $100M ARR. Medium-slow process (3-6 weeks). Source: bvp.com/anti-portfolio, Bessemer Roadmaps.",Apply: bvp.com/pitch,2-3 weeks,30-60 days,,3,LinkedIn,"Pre-revenue at Series A; No path to $100M ARR; Insufficient moat; Market not large enough for venture returns [Source: Bessemer Roadmaps, bvp.com/anti-portfolio]","Best: Q1 (Jan-Mar). Check Bessemer Roadmap publications for your sector — pitch after they publish a new roadmap. Avoid: Aug, late Dec. [Source: bvp.com, industry standard]",Source: Known rigorous evaluation process; bvp.com published process,"Bessemer Venture Partners. Benefits from strong firm reputation and resources. [Source: General community reputation based on public founder testimonials, blog posts, podcast interviews, and published accounts. Not independently verified.]",Medium,,,,7,"ciis, countryline, htw, needle, psymed",5
GV (Google Ventures) Europe,GV (Google Ventures),info@gv.com,London,England,United Kingdom,CVC,Seed / Series A / Growth,"AI, Enterprise, Health, Consumer",https://linkedin.com/company/gv,https://gv.com,Yes,$500K-$50M,,,None,Not Contacted,High,$5B+,"Uber, Slack, Stripe, Duolingo",Yes,5,,,,,,,CVC,,,,,14-30 days,,,3,LinkedIn,,,Google/Alphabet's venture arm. London office. Source: gv.com,Medium,,,,7,"ciis, countryline, htw, needle, psymed",5
John Bell,JamJar Investments,john@jamjar.com,London,England,United Kingdom,VC,Seed / Series A,"Consumer, DTC, Food, Wellness",https://linkedin.com/in/johnbelljamjar,https://jamjarinvestments.com,Yes,$500K-$5M,,,None,Not Contacted,High,$200M,"Oatly, Calm, Bulb, Tails.com, graze",Yes,4,,,,,,,Co-founder,,,,,14-30 days,,,3,LinkedIn,,,Innocent Drinks founders' VC. Consumer brand specialists. Source: jamjarinvestments.com,Medium,,,,7,"ciis, countryline, htw, needle, psymed",5
Josh Kushner,Thrive Capital,josh@thrivecap.com,New York,,United States,VC,Seed through Growth,"Consumer, Media, Health, Enterprise",https://linkedin.com/in/joshkushner,https://www.thrivecap.com,Yes,$1M-$25M,No public form — warm intro only,,None,Not Contacted,,$10B+,"Instagram, Spotify, Slack, GitHub, Robinhood, Nubank, Oscar Health",Yes,,,Medium (3-6 weeks),Verified — MX Valid,,"General Catalyst, a16z, Sequoia, Spark Capital, Tiger Global",GP / Decision Maker,,"At Thrive Capital, he's publicly stated he invests in 'the best internet companies of the next decade.' He led investments in Instagram, Spotify, and Oscar Health. He values founders building category-defining products. Thrive makes fast decisions and can write large checks.",,,2-3 weeks,14-30 days,,,,,"Best: Q1 (Jan-Mar, new fund year, deploying capital). Avoid: Aug, late Dec (vacation). [Source: industry standard]",Source: Investor's documented medium response time in database,,Medium,,,,7,"ciis, countryline, htw, needle, psymed",5
Kim-Mai Cutler,Initialized Capital,kim-mai@initialized.com,San Francisco,California,United States,VC,"Pre-Seed, Seed","AI, Consumer, SaaS, Health, Creator Economy",https://linkedin.com/in/kimmaicutler,https://initialized.com,Yes,$250K-$2M,https://initialized.com/pitch,,,,Tier 1,$700M,"Coinbase, Instacart, Cruise, Zenefits, Flexport, Rippling",Yes,,,Fast (1-2 weeks),Verified — MX Valid,,"Y Combinator, a16z, Sequoia, SV Angel, Founders Fund",GP / Decision Maker,,"At Initialized Capital, she's a former TechCrunch journalist. She's publicly stated she looks for founders who can tell a compelling narrative about market transformation. She values founders who deeply understand policy and infrastructure.",,Apply: https://initialized.com/pitch,,7-14 days,,,,,"Best: Q1 (Jan-Mar, new fund year, deploying capital). Avoid: Aug, late Dec (vacation). [Source: industry standard]",Source: Investor's documented fast response time in database,,,,,,7,"ciis, countryline, htw, needle, psymed",5
Kinnevik,Kinnevik,info@kinnevik.com,Stockholm,,Sweden,Family Office / PE,Growth / Late Stage,"Consumer, Health, Fintech, Marketplace",https://linkedin.com/company/kinnevik,https://kinnevik.com,Yes,$10M-$100M+,,,None,Not Contacted,High,$10B+ AUM,"Zalando, Tele2, Babylon Health, Budbee, Mathem",Yes,5,,,,,,,Public Investment Co.,,,,,30+ days,,,3,LinkedIn,,,Swedish investment company. Stenbeck family. Source: kinnevik.com,Medium,,,,7,"ciis, countryline, htw, needle, psymed",5
Lightspeed Venture Partners (Europe),Lightspeed (Europe),info@lsvp.com,London,England,United Kingdom,VC,Series A / Growth,"Enterprise, Consumer, Health, Fintech",https://linkedin.com/company/lightspeed-venture-partners,https://lsvp.com,Yes,$1M-$50M,,,None,Not Contacted,High,$10B+,"Snap, Mulesoft, Carta, Epic Games",Yes,5,,,,,,,Partner,,,,,14-30 days,,,3,LinkedIn,,,Major US VC with European presence. Source: lsvp.com,Medium,,,,7,"ciis, countryline, htw, needle, psymed",5
Luke Sheridan,Octopus Ventures,luke@octopusventures.com,London,England,United Kingdom,VC,Seed / Series A,"Health, Deep Tech, Fintech, B2B SaaS, Consumer",https://linkedin.com/in/lukesheridan,https://octopusventures.com,Yes,$500K-$5M,,,None,Not Contacted,High,$1.3B,"Zoopla, Secret Escapes, Depop, Elvie, WaveOptics",Yes,4,Octopus blog: octopusventures.com/insights,Active,,,,,Partner,,,,,14-30 days,,,3,LinkedIn,,,One of UK's largest VC firms by portfolio size. Source: octopusventures.com,Medium,,,,7,"ciis, countryline, htw, needle, psymed",5
Mercedes Bent,Lightspeed Venture Partners,mercedes@lsvp.com,Menlo Park,California,United States,VC,"Seed, Series A, Series B, Growth","AI, Consumer, Enterprise, Health, Fintech, Creator Economy",https://linkedin.com/in/mercedesbent,https://lsvp.com,Yes,$1M-$50M+,https://lsvp.com/pitch/,,,,Tier 1,$10B+,"Snap, Affirm, Carta, Rubrik, Mulesoft, Epic Games, Grubhub, AppDynamics",Yes,,,Medium (3-6 weeks),Verified — MX Valid,,"Sequoia, Accel, GV, a16z, Greylock",GP / Decision Maker,,"At Lightspeed, she focuses on consumer and edtech. She's publicly stated she's passionate about companies improving access and opportunity. She's accessible and values mission-driven founders.",,Apply: https://lsvp.com/pitch/,2-3 weeks,14-30 days,,,,,"Best: Q1 (Jan-Mar, new fund year, deploying capital). Avoid: Aug, late Dec (vacation). [Source: industry standard]",Source: Structured multi-meeting; published founder accounts,,,,,,7,"ciis, countryline, htw, needle, psymed",5
Monica Desai Weiss,Kleiner Perkins,monica@kleinerperkins.com,Menlo Park,California,United States,VC,"Seed, Series A, Series B","AI, Consumer, Enterprise, Health, Fintech",https://linkedin.com/in/monicadesaiweiss,https://kleinerperkins.com,Yes,$2M-$15M,No public form — warm intro only,,,,Tier 1,$2B+,"Google, Amazon, Twitter, Slack, Figma, Impossible Foods, DoorDash, Peloton",Yes,,,Medium (3-6 weeks),Verified — MX Valid,,"Sequoia, a16z, GV, NEA, Accel",GP / Decision Maker,,"At Kleiner Perkins, she focuses on fintech and digital health. She's publicly stated she looks for founders 'redefining how people interact with money and health.' She's been vocal about backing diverse founders.",,,2-3 weeks,14-30 days,,,,,"Best: Q1 (Jan-Mar, new fund year, deploying capital). Avoid: Aug, late Dec (vacation). [Source: industry standard]",Source: Established firm with structured process; published accounts,,,,,,7,"ciis, countryline, htw, needle, psymed",5
Northstar (Daniel Ek),Northstar (Spotify founder),daniel@northstar.vc,Stockholm,,Sweden,Family Office,Seed / Growth,"Consumer, Health, Climate, AI",https://linkedin.com/in/danielek,https://northstar.vc,Yes,$500K-$20M,,,None,Not Contacted,High,$1B+,"Prima Materia (health), Neko Health",Yes,5,,,,,,,Family Office,,,,,30+ days,,,4,Twitter/X,,,Spotify founder's family office/VC. Source: northstar.vc,Medium,,,,7,"ciis, countryline, htw, needle, psymed",5
Reid Hoffman,Greylock Partners,reid@greylock.com,Menlo Park,California,United States,VC,"Seed, Series A, Series B","AI, Consumer, Enterprise, Health",https://linkedin.com/in/reidhoffman,https://greylock.com,Yes,$5M-$25M,https://greylock.com/pitch/,,,,Tier 1,$3.5B+,"Facebook, LinkedIn, Airbnb, Discord, Figma, Roblox, Coinbase, Palo Alto Networks",Yes,,,Medium (3-6 weeks),Verified — MX Valid,,"Greylock, Sequoia, a16z, Benchmark, First Round",GP / Decision Maker,,"He co-authored 'Blitzscaling' — if your startup fits the blitzscaling framework (network effects, first-scaler advantage), say so explicitly. He's publicly stated he looks for founders who think about 'what would this look like at massive scale from day one.' Lead with how you'll grow fast and why speed matters in your market.",,Apply: https://greylock.com/pitch/,2-3 weeks,14-30 days,,,,,"Best: Q1 (Jan-Mar, new fund year, deploying capital). Avoid: Aug, late Dec (vacation). [Source: industry standard]",Source: Top-tier firm with structured process; published accounts,,,,,,7,"ciis, countryline, htw, needle, psymed",5
Timo Ahopelto,Inventure,timo@inventure.fi,Helsinki,,Finland,VC,Seed / Series A,"Deep Tech, SaaS, Health, Gaming",https://linkedin.com/in/timoahopelto,https://inventure.fi,Yes,$200K-$5M,,,None,Not Contacted,High,$180M,"Wolt (early), Swappie, Oura (early)",Yes,4,,,,,,,Founding Partner,,,,,14-30 days,,,3,LinkedIn,,,Top Finnish seed fund. Source: inventure.fi,Medium,,,,7,"ciis, countryline, htw, needle, psymed",5
Toni Schneider,True Ventures,toni@trueventures.com,San Francisco,California,United States,VC,"Seed, Series A","Consumer, Creator Economy, AI, Health, Sustainability",https://linkedin.com/in/tonischneider,https://trueventures.com,Yes,$1M-$5M,https://trueventures.com/pitch,,,,Tier 1,$900M,"Peloton, Ring, Fitbit, Blue Bottle Coffee, WordPress, MakerBot",Yes,,,,Verified — MX Valid,,"Floodgate, First Round, Homebrew, Founders Fund, Felicis",GP / Decision Maker,,"At True Ventures, he's the former CEO of Automattic (WordPress). He's publicly stated he invests in open-source, developer tools, and internet infrastructure. He values founders who understand community-driven development.",,Apply: https://trueventures.com/pitch,,,,,,,"Best: Q1 (Jan-Mar, new fund year, deploying capital). Avoid: Aug, late Dec (vacation). [Source: industry standard]",,,,,,,7,"ciis, countryline, htw, needle, psymed",5
Unilever Ventures,Unilever Ventures,info@unileverventures.com,London,England,United Kingdom,CVC,Seed / Series A / Growth,"Consumer, DTC, Health, Food, Sustainability",https://linkedin.com/company/unilever-ventures,https://unileverventures.com,Yes,$500K-$10M,,,None,Not Contacted,High,$450M,"Dollar Shave Club, Graze, Nutrafol, Sir Kensington's",Yes,4,,,,,,,CVC,,,Consumer/FMCG brand synergy is key. Pitch the strategic fit to Unilever's brand portfolio.,Non-consumer / pure B2B enterprise,,14-30 days,,,,3,,Unilever's venture arm. Source: unileverventures.com,Medium,,,,7,"ciis, countryline, htw, needle, psymed",5
Yann Ranchère,Eurazeo,yann@eurazeo.com,Paris,,France,VC,Seed / Series A / Growth,"Fintech, SaaS, Consumer, Health",https://linkedin.com/in/yannranchere,https://eurazeo.com,Yes,$1M-$50M,,,None,Not Contacted,High,$3B+,"Molotov, Vestiaire Collective, Backmarket, ManoMano",Yes,4,,,,,,,Partner,,,,,14-30 days,,,3,LinkedIn,,,Major French multi-stage PE/VC. Source: eurazeo.com,Medium,,,Check master DB,7,"ciis, countryline, htw, needle, psymed",5
Aditi Maliwal,Upfront Ventures,aditi@upfront.com,Los Angeles,California,United States,VC,"Seed, Series A, Series B","Consumer, AI, Health, Entertainment, Media, Creator Economy",https://linkedin.com/in/aditimaliwal,https://upfront.com,Yes,$500K-$15M,https://upfront.com/pitch/,,,,Tier 1,$400M,"Ring, Maker Studios, TrueCar, Overture, Ruggable, Parachute Home",Yes,,,Medium (3-6 weeks),Verified — MX Valid,,"GV, First Round, Greycroft, a16z",GP / Decision Maker,,,,Apply: https://upfront.com/pitch/,2-3 weeks,14-30 days,,,,,"Best: Q1 (Jan-Mar, new fund year, deploying capital). Avoid: Aug, late Dec (vacation). [Source: industry standard]",Source: Investor's documented medium response time in database,,,,,,6,"ciis, countryline, htw, needle, psymed",5
Brandon Gleklen,Battery Ventures,brandon@battery.com,San Francisco,California,United States,VC,"Seed, Series A, Growth","AI, Enterprise, Consumer, Health",https://linkedin.com/in/brandongleklen,https://battery.com,Yes,$5M-$50M,No public form — warm intro only,,,,Tier 1,$3B+,"Groupon, Glassdoor, Coinbase, Wayfair, Sprinklr, Marketo",Yes,,,Medium (3-6 weeks),Verified — MX Valid,,"Norwest, Sequoia, General Catalyst, GGV, a16z",GP / Decision Maker,,,,,2-3 weeks,14-30 days,,,,,"Best: Q1 (Jan-Mar, new fund year, deploying capital). Avoid: Aug, late Dec (vacation). [Source: industry standard]",Source: Investor's documented medium response time in database,,,,,,6,"ciis, countryline, htw, needle, psymed",5
"Brenton Fargnoli, M.D.",Lightspeed Venture Partners,brenton@lsvp.com,,,,Other,Early-stage,"Enterprise, Consumer, Healthcare, Fintech",,https://lsvp.com,Yes,$1M-$50M+,https://lsvp.com/pitch/,,None,Not Contacted,,$10B+,"Snap, Affirm, Carta, Rubrik, Mulesoft, Epic Games, Grubhub, AppDynamics",Sometimes,,,Medium (3-6 weeks),Verified — MX Valid,,"Sequoia, Accel, GV, a16z, Greylock",,,"At Lightspeed, he focuses on healthcare and biotech. He's publicly stated he values clinical evidence and clear paths to FDA approval.",,Apply: https://lsvp.com/pitch/,2-3 weeks,14-30 days,,,,,,Source: Structured multi-meeting; published founder accounts,,Medium,,,,6,"ciis, countryline, htw, needle, psymed",5
Brian Mac Mahon,Expert DOJO,brian@expertdojo.com,Santa Monica,California,United States,VC,,"B2B, Consumer, B2C, Energy, FinTech, Healthcare, Materials, Software, AR, eSports, FoodTech, IoT, Mobile, Robotics, Drones, Saas",https://linkedin.com/in/brianmacmahon2,http://www.expertdojo.com/,,,https://www.expertdojo.com/apply,,None,Not Contacted,Medium,$20M,"Parachute, Deeptrace, MedicalChain, Miso Robotics",Sometimes,,,,Verified — MX Valid,,"Techstars, 500 Global, accelerator network",GP / Decision Maker,,,Accelerator model. Small fund ($20M). Source: expertdojo.com.,Apply: expertdojo.com/apply (accelerator application) | Events: Expert DOJO demo days,,7-14 days,,,,Too late stage for accelerator; Already raised too much; Not willing to go through batch program [Source: expertdojo.com],Best: Apply by Expert DOJO batch deadline. Check expertdojo.com/apply. [Source: expertdojo.com],Source: Accelerator model; batch-based; expertdojo.com,,Medium,,,,6,"ciis, countryline, htw, needle, psymed",5
Carina Szpilka,K Fund,carina@kfund.vc,Madrid,,Spain,VC,Seed / Series A,"Consumer, Fintech, Health, SaaS",https://linkedin.com/in/carinaszpilka,https://kfund.vc,Yes,$250K-$3M,,,None,Not Contacted,Medium,$100M,"Clarity.ai, Fintonic, Housfy",No,3,,,,,,,GP,,,,,7-14 days,,,3,LinkedIn,,,Spanish seed VC. Source: kfund.vc,Medium,,,,6,"ciis, countryline, htw, needle, psymed",5
Clayton Bryan,500 Global,clayton@500.co,San Francisco,California,United States,VC,"Pre-Seed, Seed","AI, Consumer, Health, SaaS, Global",https://linkedin.com/in/claytonbryan,https://500.co,Yes,$50K-$250K,https://500.co/accelerators,,,,Tier 1,$500M+,"Canva, Talkdesk, Udemy, Credit Karma, Grab, GitLab, Bukalapak",No,,,,Verified — MX Valid,,"Hustle Fund, Precursor Ventures, Techstars, 500 Startups alumni network",GP / Decision Maker,,,,Apply: 500.co/apply (accelerator),,7-14 days,,,,,"Best: Q1 (Jan-Mar, new fund year, deploying capital). Avoid: Aug, late Dec (vacation). [Source: industry standard]",Source: Accelerator model; batch-based; 500.co,,,,,,6,"ciis, countryline, htw, needle, psymed",5
Daphni,Daphni,info@daphni.com,Paris,,France,VC,Seed / Series A,"SaaS, Consumer, Impact, Health",https://linkedin.com/company/daphni,https://daphni.com,Yes,$500K-$5M,,,None,Not Contacted,Medium,$200M,"ManoMano, Doctolib (early)",No,3,,,,,,,GP,,,,,7-14 days,,,2,LinkedIn,,,French VC with community model. Source: daphni.com,Medium,,,,6,"ciis, countryline, htw, needle, psymed",5
David Thacker,Greylock Partners,david@greylock.com,Menlo Park,California,United States,VC,"Seed, Series A, Series B","AI, Consumer, Enterprise, Health",https://linkedin.com/in/davidthacker,https://greylock.com,Yes,$5M-$25M,https://greylock.com/pitch/,,,,Tier 1,$3.5B+,"Facebook, LinkedIn, Airbnb, Discord, Figma, Roblox, Coinbase, Palo Alto Networks",Yes,,,Medium (3-6 weeks),Verified — MX Valid,,"Sequoia, Benchmark, Accel, a16z, IVP",GP / Decision Maker,,,,Apply: https://greylock.com/pitch/,2-3 weeks,14-30 days,,,,,"Best: Q1 (Jan-Mar, new fund year, deploying capital). Avoid: Aug, late Dec (vacation). [Source: industry standard]",Source: Top-tier firm with structured process; published accounts,,,,,,6,"ciis, countryline, htw, needle, psymed",5
Diana Hu,Y Combinator,diana@ycombinator.com,San Francisco,California,United States,VC,"Pre-Seed, Seed","AI, Consumer, Health, SaaS, Enterprise, Creator Economy",https://linkedin.com/in/dianahu,https://ycombinator.com,Yes,$125K-$500K,https://www.ycombinator.com/apply,,,,Tier 1,$500M+,"Airbnb, Stripe, DoorDash, Coinbase, Twitch, Reddit, Dropbox, Instacart",No,,,Very Fast (days),Verified — MX Valid,,"Sequoia, a16z, SV Angel, Initialized Capital, Lightspeed",GP / Decision Maker,,,,Apply: ycombinator.com/apply | Events: YC Demo Day (public viewing),2-3 weeks,7-14 days,,,,,"Best: Q1 (Jan-Mar, new fund year, deploying capital). Avoid: Aug, late Dec (vacation). [Source: industry standard]",Source: Accelerator model; batch-based; ycombinator.com,,,,,,6,"ciis, countryline, htw, needle, psymed",5
Drew Oetting,8VC,drew@8vc.com,,,,VC,"Seed, Series A, Series B+","Financial Services, Logistics, Health-IT, Consumer, Bio-IT",https://www.linkedin.com/in/drew-oetting-52463337/,https://8vc.com,Yes,$1M-$15M,https://8vc.com/pitch/,,None,Not Contacted,,$2.5B+,"Oscar Health, Palantir, Asana, Wish, Joby Aviation, Anduril",Yes,,,Medium (3-6 weeks),Duplicate,Same email in rows: 2647,"Founders Fund, a16z, In-Q-Tel, 8VC network",GP / Decision Maker,,,,Apply: https://8vc.com/pitch/,2-3 weeks,14-30 days,,,,,"Best: Q1 (Jan-Mar, new fund year, deploying capital). Avoid: Aug, late Dec (vacation). [Source: industry standard]",Source: Investor's documented medium response time in database,,Medium,,,,6,"ciis, countryline, htw, needle, psymed",5
Fabiola Salazar,Chingona Ventures,fabiola@chingona.ventures,,,,VC,,"Education, E-Commerce, Food and Beverage, SaaS, Underrepresented, B2B, Consumer, Media and Entertainment, Financial Services, Health Care",https://www.linkedin.com/in/fabiola-salazar/,http://chingona.ventures/,,,,,None,Not Contacted,,$50M,"Pulley, Suma Wealth, GoTu, Vemos",Sometimes,3,Chingona Ventures content: chingona.ventures,,Verified — MX Valid,,"Precursor Ventures, Backstage Capital, Hustle Fund, Kapor Capital",Partner,,,Diversity-focused fund. Invests in underrepresented founders. Source: chingona.ventures.,,,14-30 days,"Chingona Ventures — diversity-focused fund investing in underrepresented founders, especially Latinx. Source: chingona.ventures",3,LinkedIn,Not an underrepresented founder (especially Latinx); Not diversity-focused enough [Source: chingona.ventures],"Best: Q1 (Jan-Mar). Avoid: Aug, late Dec. [Source: industry standard]",Source: Diversity-focused fund; structured; chingona.ventures,"Chingona Ventures. Same firm reputation. [Source: General community reputation based on public founder testimonials, blog posts, podcast interviews, and published accounts. Not independently verified.]",Medium,,,,6,"ciis, countryline, htw, needle, psymed",5
Gustaf Alstromer,Y Combinator,gustaf@ycombinator.com,San Francisco,California,United States,VC,"Pre-Seed, Seed","AI, Consumer, Health, SaaS, Enterprise, Creator Economy",https://linkedin.com/in/gustafalstromer,https://ycombinator.com,Yes,$125K-$500K,https://www.ycombinator.com/apply,,,,Tier 1,$500M+,"Airbnb, Stripe, DoorDash, Coinbase, Twitch, Reddit, Dropbox, Instacart",No,,,Very Fast (days),Verified — MX Valid,,"Sequoia, a16z, SV Angel, Initialized Capital, Lightspeed",GP / Decision Maker,,,,Apply: ycombinator.com/apply | Events: YC Demo Day (public viewing),2-3 weeks,7-14 days,,,,,"Best: Q1 (Jan-Mar, new fund year, deploying capital). Avoid: Aug, late Dec (vacation). [Source: industry standard]",Source: Accelerator model; batch-based; ycombinator.com,,,,,,6,"ciis, countryline, htw, needle, psymed",5
Hongjie Hu,Temasek,hongjie@temasek.com.sg,San Francisco,California,United States,VC,,"Enterprise, Consumer, Healthcare, Fintech",https://linkedin.com/in/hongjie-hu-43610,https://www.temasek.com.sg,,,,,None,Not Contacted,Low,$300B+,"Alibaba, ByteDance, Sea Limited, Grab, Hive, PayTM, Bitmain",Yes,3,,Slow (2-6 months),Verified — MX Valid,,"Sequoia, GIC, Tiger Global, B Capital",GP / Decision Maker,,,Massive Singapore sovereign wealth fund. Very long process (2-6 months). Professional but bureaucratic. Source: temasek.com.sg.,,1 month+,90+ days,,3,LinkedIn,,"Best: Q1 (Jan-Mar, new fund year, deploying capital). Avoid: Aug, late Dec (vacation). [Source: industry standard]",Source: Singapore sovereign wealth fund; very long process; temasek.com.sg,"Temasek. Massive Singapore sovereign wealth fund. Very professional, long-term oriented. Early Alibaba, ByteDance. [Source: General community reputation based on public founder testimonials, blog posts, podcast interviews, and published accounts. Not independently verified.]",Medium,,,,6,"ciis, countryline, htw, needle, psymed",5
Jared Friedman,Y Combinator,jared@ycombinator.com,San Francisco,California,United States,VC,"Pre-Seed, Seed","AI, Consumer, Health, SaaS, Enterprise, Creator Economy",https://linkedin.com/in/jaredfriedman,https://ycombinator.com,Yes,$125K-$500K,https://www.ycombinator.com/apply,,,,Tier 1,$500M+,"Airbnb, Stripe, DoorDash, Coinbase, Twitch, Reddit, Dropbox, Instacart",No,,,Very Fast (days),Verified — MX Valid,,"Sequoia, a16z, SV Angel, Initialized Capital, Lightspeed",GP / Decision Maker,,,,Apply: ycombinator.com/apply | Events: YC Demo Day (public viewing),2-3 weeks,7-14 days,,,,,"Best: Q1 (Jan-Mar, new fund year, deploying capital). Avoid: Aug, late Dec (vacation). [Source: industry standard]",Source: Accelerator model; batch-based; ycombinator.com,,,,,,6,"ciis, countryline, htw, needle, psymed",5
Jeff Crowe,Norwest Venture Partners,jeff@nvp.com,Palo Alto,California,United States,VC,"Series A, Series B, Growth","AI, Consumer, Health, Enterprise, SaaS",https://linkedin.com/in/jeffcrowe,https://nvp.com,Yes,$5M-$50M,https://www.nvp.com/pitch/,,,,Tier 1,$2.5B+,"Uber, Spotify, Udemy, Opendoor, Plaid, Calm, Talkdesk",Yes,,,Medium (3-6 weeks),Verified — MX Valid,,"Sequoia, a16z, Battery Ventures, Lightspeed, NEA",GP / Decision Maker,,,,Apply: https://www.nvp.com/pitch/,2-3 weeks,14-30 days,,,,,"Best: Q1 (Jan-Mar, new fund year, deploying capital). Avoid: Aug, late Dec (vacation). [Source: industry standard]",Source: Investor's documented medium response time in database,,,,,,6,"ciis, countryline, htw, needle, psymed",5
Kanu Gulati,Khosla Ventures,kanu@khoslaventures.com,Menlo Park,California,United States,VC,"Seed, Series A, Series B","AI, Health, Consumer, Climate, Enterprise",https://linkedin.com/in/kanugulati,https://khoslaventures.com,Yes,$1M-$25M,https://www.khoslaventures.com/pitch/,,,,Tier 1,$15B+,"Square, DoorDash, Impossible Foods, Instacart, Stripe, OpenAI, Affirm",Yes,,,Medium (3-6 weeks),Verified — MX Valid,,"Sequoia, Founders Fund, a16z, GV, NEA",GP / Decision Maker,,,Won't invest in small markets or incremental improvements. Wants moonshot-scale. Polarizing board involvement. Source: khoslaventures.com/blog.,Apply: https://www.khoslaventures.com/pitch/,2-3 weeks,14-30 days,,,,"Not a 'barrel' (doer who takes ideas to completion independently); Incremental improvement vs 10x; Consensus idea; Unfocused pitch [Source: 20VC podcast, Stanford lectures, Twitter @rabois]","Best: Anytime — very fast decisions (24-48hrs). DM on Twitter/X (@rabois). Avoid: Nothing specific — he moves fast. [Source: 20VC podcast, Twitter]",Source: Vinod Khosla's structured evaluation; khoslaventures.com,,,,,,6,"ciis, countryline, htw, needle, psymed",5
Ling Wong,General Catalyst,ling@generalcatalyst.com,San Francisco,,United States,VC,"Seed, Series A","Consumer, Healthcare",https://linkedin.com/in/lingwong,https://www.generalcatalyst.com,Yes,$1M-$50M+,mailto:pitch@generalcatalyst.com,,None,Not Contacted,Medium,$25B+,"Stripe, Airbnb, Snap, HubSpot, Warby Parker, Lemonade, Livongo, Anduril",Yes,,,Medium (3-6 weeks),Verified — MX Valid,,"Sequoia, a16z, Accel, Thrive Capital, Stripe",GP / Decision Maker,,,Large fund — can be slow. Medium process (3-6 weeks). Source: generalcatalyst.com/perspectives.,Apply: mailto:pitch@generalcatalyst.com,2-3 weeks,14-30 days,,,,"Not 'culturally aware'; Doesn't understand generational shifts; Not consumer/gaming/media focused [Source: generalcatalyst.com/perspectives, Twitter @nikobonatsos]","Best: Q1 (Jan-Mar, new fund year). Avoid: Aug, late Dec. [Source: industry standard]",Source: Standard multi-meeting process; published founder accounts,,Medium,,,,6,"ciis, countryline, htw, needle, psymed",5
Mary D'Onofrio,Bessemer Venture Partners,mary@bvp.com,Menlo Park,California,United States,VC,"Seed, Series A, Growth","AI, Consumer, Health, SaaS, Cloud",https://linkedin.com/in/marydonofrio,https://bvp.com,Yes,$1M-$50M+,https://www.bvp.com/pitch,,,,Tier 1,$3.5B+,"Shopify, Pinterest, Twilio, LinkedIn, Yelp, Twitch, Wix, Toast",Yes,,,Medium (3-6 weeks),Verified — MX Valid,,"Sequoia, Accel, a16z, Index Ventures, Lightspeed",GP / Decision Maker,"Passed on Google, Apple, Facebook, Airbnb, PayPal, Snapchat, eBay, Intel, FedEx (BVP publishes anti-portfolio at bvp.com/anti-portfolio)",,"Famous anti-portfolio: passed on Google, Apple, Facebook, Airbnb, PayPal, Snapchat, eBay, Intel, FedEx. Won't invest pre-revenue at Series A — need clear path to $100M ARR. Medium-slow process (3-6 weeks). Source: bvp.com/anti-portfolio, Bessemer Roadmaps.",Apply: bvp.com/pitch,2-3 weeks,30-60 days,,,,"Pre-revenue at Series A; No path to $100M ARR; Insufficient moat; Market not large enough for venture returns [Source: Bessemer Roadmaps, bvp.com/anti-portfolio]","Best: Q1 (Jan-Mar). Check Bessemer Roadmap publications for your sector — pitch after they publish a new roadmap. Avoid: Aug, late Dec. [Source: bvp.com, industry standard]",Source: Known rigorous evaluation process; bvp.com published process,,,,,,6,"ciis, countryline, htw, needle, psymed",5
Maurice Maschmeyer,BAM Ventures,mmaschmeyer@bam.vc,,,,VC,"Pre-seed, Seed","Consumer, food & bev, wellness",https://linkedin.com/in/mauricemaschmeyer,http://bam.vc/,Yes,$250K-$2M,https://www.bam.vc/pitch,,None,Not Contacted,,$50M,"Honey, Bird, Scopely, Headspace, Dollar Shave Club, Sweetgreen",Yes,,,Fast (1-2 weeks),Verified — MX Valid,,,GP / Decision Maker,,,Pre-seed/seed consumer brands in LA. Source: bamventures.com/blog.,Apply: bam.vc/pitch,,7-14 days,,,,,"Best: Q1 (Jan-Mar, new fund year, deploying capital). Avoid: Aug, late Dec (vacation). [Source: industry standard]",Source: LA pre-seed/seed fund; fast decisions; bamventures.com,,Medium,,,,6,"ciis, countryline, htw, needle, psymed",5
Neeraj Agrawal,Battery Ventures,neeraj@battery.com,San Francisco,California,United States,VC,"Seed, Series A, Growth","AI, Enterprise, Consumer, Health",https://linkedin.com/in/neerajagrawal,https://battery.com,Yes,$5M-$50M,No public form — warm intro only,,,,Tier 1,$3B+,"Groupon, Glassdoor, Coinbase, Wayfair, Sprinklr, Marketo",Yes,,,Medium (3-6 weeks),Verified — MX Valid,,"Norwest, Sequoia, General Catalyst, GGV, a16z",GP / Decision Maker,,,,,2-3 weeks,14-30 days,,,,,"Best: Q1 (Jan-Mar, new fund year, deploying capital). Avoid: Aug, late Dec (vacation). [Source: industry standard]",Source: Investor's documented medium response time in database,,,,,,6,"ciis, countryline, htw, needle, psymed",5
Nihal Mehta,Eniac Ventures,,New York,New York,United States,Micro VC,Pre-seed / Seed,"AI, Mental Health, Wellness, Digital Media, Social Platforms",https://www.linkedin.com/in/nihalmehta/,https://www.eniac.vc,Yes,$250K-$1M,https://eniacvc.com/pitch/,,,,High,$200M,,Yes,,,Medium (3-6 weeks),,,"Lerer Hippeau, First Round, BoxGroup, Primary Venture Partners",GP / Decision Maker,,,,Apply: https://eniacvc.com/pitch/,2-3 weeks,14-30 days,,,,,"Best: Q1 (Jan-Mar, new fund year, deploying capital). Avoid: Aug, late Dec (vacation). [Source: industry standard]",Source: Investor's documented medium response time in database,,High,,,,6,"ciis, countryline, htw, needle, psymed",5
Niki Pezeshki,Felicis Ventures,niki@felicis.com,Menlo Park,California,United States,VC,"Seed, Series A, Series B","AI, Consumer, Health, Enterprise, Fintech",https://linkedin.com/in/nikipezeshki,https://felicis.com,Yes,$500K-$10M,https://www.felicis.com/pitch,,,,Tier 1,$900M,"Shopify, Credit Karma, Fitbit, Adyen, Canva, Notion, Plaid",Yes,,,Medium (3-6 weeks),Verified — MX Valid,,"Founders Fund, Craft Ventures, First Round, a16z, Bessemer",GP / Decision Maker,,,,Apply: https://www.felicis.com/pitch,2-3 weeks,14-30 days,,,,,"Best: Q1 (Jan-Mar, new fund year, deploying capital). Avoid: Aug, late Dec (vacation). [Source: industry standard]",Source: Investor's documented medium response time in database,,,,,,6,"ciis, countryline, htw, needle, psymed",5
Rama Sekhar,Norwest Venture Partners,rama@nvp.com,Palo Alto,California,United States,VC,"Series A, Series B, Growth","AI, Consumer, Health, Enterprise, SaaS",https://linkedin.com/in/ramasekhar,https://nvp.com,Yes,$5M-$50M,https://www.nvp.com/pitch/,,,,Tier 1,$2.5B+,"Uber, Spotify, Udemy, Opendoor, Plaid, Calm, Talkdesk",Yes,,,Medium (3-6 weeks),Verified — MX Valid,,"Sequoia, a16z, Battery Ventures, Lightspeed, NEA",GP / Decision Maker,,,,Apply: https://www.nvp.com/pitch/,2-3 weeks,14-30 days,,,,,"Best: Q1 (Jan-Mar, new fund year, deploying capital). Avoid: Aug, late Dec (vacation). [Source: industry standard]",Source: Investor's documented medium response time in database,,,,,,6,"ciis, countryline, htw, needle, psymed",5
Saar Gur,CRV,saar@crv.com,San Francisco,California,United States,VC,"Seed, Series A","Consumer, AI, SaaS, Health, Fintech",https://linkedin.com/in/saargur,https://crv.com,Yes,$1M-$10M,https://www.crv.com/pitch,,,,Tier 1,$3B+,"Twitter, DoorDash, Airtable, HubSpot, Zendesk, Patreon",Yes,,,Medium (3-6 weeks),Verified — MX Valid,,"Sequoia, a16z, Greylock, Lightspeed, General Catalyst",GP / Decision Maker,,,Well-established but medium-slow process (3-6 weeks). Source: crv.com/content.,Apply: crv.com/pitch,2-3 weeks,14-30 days,,,,Not enough traction for CRV's stage; Market not large enough; Insufficient technical differentiation [Source: crv.com/content],"Best: Q1 (Jan-Mar). Apply: crv.com/pitch. Avoid: Aug, late Dec. [Source: crv.com, industry standard]",Source: Established firm with multi-meeting process; crv.com,,,,,,6,"ciis, countryline, htw, needle, psymed",5
Samara Mejia Hernandez,Chingona Ventures,samara@chingona.ventures,,,,VC,,"Education, E-Commerce, Food and Beverage, SaaS, Underrepresented, B2B, Consumer, Media and Entertainment, Financial Services, Health Care",https://linkedin.com/in/samaramejia,https://chingona.ventures/,,,,,None,Not Contacted,,$50M,"Pulley, Suma Wealth, GoTu, Vemos",Sometimes,3,Chingona Ventures content: chingona.ventures | Diversity-focused investing,,Duplicate,Same email in rows: 25,"Precursor Ventures, Backstage Capital, Hustle Fund, Kapor Capital",GP / Decision Maker,,,Diversity-focused fund. Invests in underrepresented founders. Source: chingona.ventures.,,,14-30 days,"Chingona Ventures — diversity-focused fund investing in underrepresented founders, especially Latinx. Source: chingona.ventures",3,LinkedIn,Not an underrepresented founder (especially Latinx); Not diversity-focused enough [Source: chingona.ventures],"Best: Q1 (Jan-Mar). Avoid: Aug, late Dec. [Source: industry standard]",Source: Diversity-focused fund; structured; chingona.ventures,"Chingona Ventures. Same as above — may be duplicate entry. [Source: General community reputation based on public founder testimonials, blog posts, podcast interviews, and published accounts. Not independently verified.]",Medium,,,,6,"ciis, countryline, htw, needle, psymed",5
Sonya Huang,Norwest Venture Partners,sonya@nvp.com,Palo Alto,California,United States,VC,"Series A, Series B, Growth","AI, Consumer, Health, Enterprise, SaaS",https://linkedin.com/in/sonyahuang,https://nvp.com,Yes,$5M-$50M,https://www.nvp.com/pitch/,,,,Tier 1,$2.5B+,"Uber, Spotify, Udemy, Opendoor, Plaid, Calm, Talkdesk",Yes,,,Medium (3-6 weeks),Verified — MX Valid,,"Sequoia, a16z, Battery Ventures, Lightspeed, NEA",GP / Decision Maker,,,,Apply: https://www.nvp.com/pitch/,2-3 weeks,14-30 days,,,,,"Best: Q1 (Jan-Mar, new fund year, deploying capital). Avoid: Aug, late Dec (vacation). [Source: industry standard]",Source: Investor's documented medium response time in database,,,,,,6,"ciis, countryline, htw, needle, psymed",5
Vivek Sagi,Pear VC,vivek@pear.vc,Palo Alto,California,United States,VC,"Pre-Seed, Seed","AI, Consumer, Health, Enterprise, SaaS",https://linkedin.com/in/viveksagi,https://pear.vc,Yes,$250K-$2M,https://pear.vc/pitch/,,,,Tier 1,$450M,"DoorDash, Guardant Health, Branch, Vanta, Aurora Solar",Yes,,,Fast (1-2 weeks),Verified — MX Valid,,"Y Combinator, First Round, Floodgate, True Ventures",GP / Decision Maker,,,Pre-seed/seed only. Technical co-founding teams required. Runs fellowship program. Source: pear.vc/blog.,Apply: pear.vc/pitch/ | Events: Pear fellowship (open),,7-14 days,,,,"Non-technical co-founding team; No raw talent and determination; Too late stage for Pear [Source: pear.vc/blog, Stanford talks]","Best: Apply to Pear Fellowship — rolling applications. Q1 is best (new fund year). Avoid: Aug, late Dec. [Source: pear.vc, industry standard]",Source: Seed fund known for fast decisions; pear.vc,,,,,,6,"ciis, countryline, htw, needle, psymed",5
Viviana Faga,Felicis Ventures,viviana@felicis.com,Menlo Park,California,United States,VC,"Seed, Series A, Series B","AI, Consumer, Health, Enterprise, Fintech",https://linkedin.com/in/vivianafaga,https://felicis.com,Yes,$500K-$10M,https://www.felicis.com/pitch,,,,Tier 1,$900M,"Shopify, Credit Karma, Fitbit, Adyen, Canva, Notion, Plaid",Yes,,,Medium (3-6 weeks),Verified — MX Valid,,"Founders Fund, Craft Ventures, First Round, a16z, Bessemer",GP / Decision Maker,,,,Apply: https://www.felicis.com/pitch,2-3 weeks,14-30 days,,,,,"Best: Q1 (Jan-Mar, new fund year, deploying capital). Avoid: Aug, late Dec (vacation). [Source: industry standard]",Source: Investor's documented medium response time in database,,,,,,6,"ciis, countryline, htw, needle, psymed",5
Vorwerk Ventures,Vorwerk Ventures,info@vorwerkventures.de,Wuppertal,,Germany,CVC,Series A / Growth,"Consumer, IoT, D2C, Health",https://linkedin.com/company/vorwerk-ventures,https://vorwerkventures.de,Yes,$1M-$10M,,,None,Not Contacted,Medium,$300M,"Thermomix-adjacent, various consumer",Yes,3,,,,,,,CVC,,,,,14-30 days,,,2,LinkedIn,,,Vorwerk (Thermomix) family VC. Source: vorwerkventures.de,Medium,,,,6,"ciis, countryline, htw, needle, psymed",5
XAnge,XAnge,info@xange.fr,Paris,,France,VC,Seed / Series A,"SaaS, Health, Fintech, Consumer",https://linkedin.com/company/xange,https://xange.fr,Yes,$500K-$5M,,,None,Not Contacted,Medium,$500M,"BlaBlaCar (early), Mirakl (early), AB Tasty",Yes,3,,,,,,,GP,,,,,14-30 days,,,2,LinkedIn,,,French seed/Series A VC. Source: xange.fr,Medium,,,,6,"ciis, countryline, htw, needle, psymed",5
Andrew Schoen,NEA (New Enterprise Associates),andrew@nea.com,Menlo Park,California,United States,VC,"Seed, Series A, Growth","AI, Consumer, Health, Enterprise, Fintech",https://linkedin.com/in/andrewschoen,https://nea.com,,,,,,,Tier 1,$25B+,"Salesforce, Cloudflare, Databricks, Plaid, Robinhood, Coursera, Uber",Yes,,,Medium (3-6 weeks),Verified — MX Valid,,"Sequoia, Kleiner Perkins, Lightspeed, GV, Accel",GP / Decision Maker,,,,,2-3 weeks,14-30 days,,,,,"Best: Q1 (Jan-Mar, new fund year, deploying capital). Avoid: Aug, late Dec (vacation). [Source: industry standard]",Source: Investor's documented medium response time in database,,,,,,5,"ciis, countryline, htw, needle, psymed",5
Antonio Gracias,Valor Equity Partners,antonio@valorep.com,San Francisco,California,United States,VC,"Series A, Growth","AI, Consumer, Health, Space, Mobility",https://linkedin.com/in/antoniogracias,https://valorep.com,Yes,$5M-$50M,,,,,Tier 1,$1B+,"Tesla, SpaceX, Anduril, Relativity Space",Yes,,,,Verified — MX Valid,,,GP / Decision Maker,,,,,,,,,,,"Best: Q1 (Jan-Mar, new fund year, deploying capital). Avoid: Aug, late Dec (vacation). [Source: industry standard]",,,,,,,5,"ciis, countryline, htw, needle, psymed",5
Arun Penmetsa,ACME Capital,arun@acme.vc,San Francisco,California,United States,VC,"Seed, Series A","AI, Consumer, SaaS, Health, Fintech",https://linkedin.com/in/arunpenmetsa,https://acme.vc,Yes,$500K-$5M,,,,,Tier 2,$200M,"Slack, Birchbox, ClassPass, Spring Health",Yes,,,,Verified — MX Valid,,"First Round, SV Angel, Lerer Hippeau, Slow Ventures",GP / Decision Maker,,,Consumer and enterprise focus. Source: acme.vc/perspectives.,,,14-30 days,,,,,"Best: Q1 (Jan-Mar, new fund year, deploying capital). Avoid: Aug, late Dec (vacation). [Source: industry standard]",Source: Structured seed process; acme.vc,,,,,,5,"ciis, countryline, htw, needle, psymed",5
Balderton Capital,Balderton Capital,,London,,UK,VC,Series A / Series B,Technology / Software / Consumer / Health,https://www.linkedin.com/company/balderton-capital/,https://www.balderton.com,Yes,$5M-$30M,https://www.balderton.com/contact/,,,Not Contacted,,$4.6B,,,,,,,,,,,,,,,,,,,,,,,High,,,,5,"ciis, countryline, htw, needle, psymed",5
Brian Ascher,Venrock,brian@venrock.com,Palo Alto,California,United States,VC,"Seed, Series A, Series B","AI, Health, Consumer, Enterprise",https://linkedin.com/in/brianascher,https://venrock.com,Yes,$1M-$20M,https://www.venrock.com/pitch/,,,,Tier 1,$3B+,,Yes,,,,Verified — MX Valid,,,GP / Decision Maker,,,,Apply: https://www.venrock.com/pitch/,,,,,,,"Best: Q1 (Jan-Mar, new fund year, deploying capital). Avoid: Aug, late Dec (vacation). [Source: industry standard]",,,,,,,5,"ciis, countryline, htw, needle, psymed",5
Chris Creahan,Sequoia Family Office,ccreahan@sequoia-financial.com,,Ohio,United States,VC,,"AI, Enterprise, Consumer, Health, Fintech",https://linkedin.com/in/chris-creahan-8bb981,https://www.sequoia-financial.com,,,,,None,Not Contacted,,$10B+,"Airbnb, Stripe, DoorDash, Zoom, Unity, Figma, Klarna, Apple, Google, WhatsApp",Yes,,,Medium (3-6 weeks),Verified — MX Valid,,"a16z, Accel, Lightspeed, Tiger Global, Y Combinator, Klarna, Stripe",GP / Decision Maker,,,,,2-3 weeks,14-30 days,,,,"Can't answer 'why now?'; Team not strong enough; Market timing wrong; Incremental idea [Source: Sequoia pitch template, multiple books]",Best: Q1 (Jan-Mar). Note: Moritz largely retired from active Sequoia investing. [Source: industry standard],Source: Known scout → partner → Monday meeting pipeline; published founder accounts,,Medium,,,,5,"ciis, countryline, htw, needle, psymed",5
Dan Sundheim,D1 Capital,dan@d1cap.com,New York,NY,US,VC,Growth / Late Stage / Crossover,Technology / Consumer / Healthcare,https://www.linkedin.com/in/dansundheim/,https://www.d1cap.com,Yes,$25M-$200M,,,,Not Contacted,,$10B+,,,,,,,,,,,,,,,,,,,,,,,High,,,,5,"ciis, countryline, htw, needle, psymed",5
David Pakman,Venrock,david@venrock.com,Palo Alto,California,United States,VC,"Seed, Series A, Series B","AI, Health, Consumer, Enterprise",https://linkedin.com/in/davidpakman,https://venrock.com,Yes,$1M-$20M,https://www.venrock.com/pitch/,,,,Tier 1,$3B+,,Yes,,,,Verified — MX Valid,,,GP / Decision Maker,,,,Apply: https://www.venrock.com/pitch/,,,,,,,"Best: Q1 (Jan-Mar, new fund year, deploying capital). Avoid: Aug, late Dec (vacation). [Source: industry standard]",,,,,,,5,"ciis, countryline, htw, needle, psymed",5
EQT Ventures (additional - Doreen Huber),EQT Ventures,doreen@eqtventures.com,Munich,,Germany,VC,Seed / Series A,"Consumer, SaaS, Health",https://linkedin.com/in/doreenhuber,https://eqtventures.com,Yes,$1M-$20M,,,None,Not Contacted,High,$2B+,,Yes,,,,,,,,Partner,,,,,14-30 days,,,3,LinkedIn,,,Partner at EQT Ventures Munich. Source: eqtventures.com,Medium,,,,5,"ciis, countryline, htw, needle, psymed",5
Eric Liaw,IVP (Institutional Venture Partners),eric@ivp.com,Menlo Park,California,United States,VC,"Series A, Series B, Growth","Consumer, SaaS, AI, Health, Entertainment",https://linkedin.com/in/ericliaw,https://ivp.com,,,,,,,Tier 1,$3B+,"Twitter, Snap, Dropbox, Slack, Discord, Coinbase, Netflix, Grammarly",Yes,,,Medium (3-6 weeks),Verified — MX Valid,,"Greylock, Sequoia, Accel, Bessemer, a16z",GP / Decision Maker,,,,,2-3 weeks,14-30 days,,,,,"Best: Q1 (Jan-Mar, new fund year, deploying capital). Avoid: Aug, late Dec (vacation). [Source: industry standard]",Source: Investor's documented medium response time in database,,,,,,5,"ciis, countryline, htw, needle, psymed",5
Erik Rannala,Mucker Capital,erik@muckercapital.com,Los Angeles,California,United States,VC,"Pre-Seed, Seed","Consumer, SaaS, AI, Health, Media",https://linkedin.com/in/erikrannala,https://muckercapital.com,Yes,$100K-$1M,,,,,Tier 2,$200M,"Honey, Surf Air, Ordermark, Retention Science, Miso Robotics",Yes,,,,Verified — MX Valid,,"Techstars, 500 Global, Upfront Ventures",GP / Decision Maker,,,,,,,,,,,"Best: Q1 (Jan-Mar, new fund year, deploying capital). Avoid: Aug, late Dec (vacation). [Source: industry standard]",,,,,,,5,"ciis, countryline, htw, needle, psymed",5
Felix Capital (additional partner),Felix Capital,victoria@felixcap.com,London,England,United Kingdom,VC,Seed / Series A,"Consumer, Wellness",https://linkedin.com/in/victoriaschwartz,https://felixcap.com,Yes,$500K-$5M,,,None,Not Contacted,High,$600M,,No,,,,,,,,Principal,,,,,14-30 days,,,2,LinkedIn,,,Principal at Felix Capital. Source: felixcap.com,Medium,,,,5,"ciis, countryline, htw, needle, psymed",5
Gil Rosen,Soma Capital,gil@somacap.com,San Francisco,California,United States,VC,"Pre-Seed, Seed","AI, Consumer, SaaS, Health, Fintech",https://linkedin.com/in/gilrosen,https://somacap.com,Sometimes,$50K-$250K,https://www.somacap.com/pitch,,,,Tier 2,$1B+,,Yes,,,,Verified — MX Valid,,"Y Combinator, SV Angel, angel syndicates",GP / Decision Maker,,,Deep tech and frontier companies. Source: A Capital thesis.,Apply: https://www.somacap.com/pitch,,14-30 days,,,,,"Best: Q1 (Jan-Mar, new fund year, deploying capital). Avoid: Aug, late Dec (vacation). [Source: industry standard]",Source: Deep tech focus; structured process,,,,,,5,"ciis, countryline, htw, needle, psymed",5
James Currier,NFX,james@nfx.com,San Francisco,California,United States,VC,"Pre-Seed, Seed","AI, Consumer, Marketplace, Network Effects, Health",https://linkedin.com/in/jamescurrier,https://nfx.com,Yes,$250K-$2M,https://signal.nfx.com/,,,,Tier 1,$500M,,Yes,,,Very Fast (days),Verified — MX Valid,,,GP / Decision Maker,,,Focused on companies with network effects — won't invest without a clear network effect. Published taxonomy at nfx.com. Source: nfx.com/post.,Apply: https://signal.nfx.com/,24-48 hours,7-14 days,,,,No network effects — NFX has published taxonomy of network effect types; Not a marketplace or platform [Source: nfx.com/post],"Best: Q1 (Jan-Mar). Reference specific NFX essay relevant to your company. Avoid: Aug, late Dec. [Source: industry standard]",Source: Seed fund; fast decisions; nfx.com,,,,,,5,"ciis, countryline, htw, needle, psymed",5
JD Davids,Plug and Play Tech Center,jd@plugandplaytechcenter.com,Sunnyvale,California,United States,VC,"Pre-Seed, Seed","AI, Consumer, Health, Enterprise, Fintech, Media",https://linkedin.com/in/jddavids,https://plugandplaytechcenter.com,Sometimes,$25K-$500K,https://www.plugandplaytechcenter.com/join/,,,,Tier 2,$200M,,Yes,,,,Verified — MX Valid,,"500 Global, Techstars, various corporate VCs",GP / Decision Maker,,,,Apply: https://www.plugandplaytechcenter.com/join/,,,,,,,"Best: Q1 (Jan-Mar, new fund year, deploying capital). Avoid: Aug, late Dec (vacation). [Source: industry standard]",,,,,,,5,"ciis, countryline, htw, needle, psymed",5
Jed Katz,Canaan Partners,jed@canaan.com,Menlo Park,California,United States,VC,"Seed, Series A, Series B","Health, Consumer, Enterprise, Fintech",https://linkedin.com/in/jedkatz,https://canaan.com,Yes,$5M-$20M,https://www.canaan.com/pitch,,,,Tier 1,$5B+,,Yes,,,Medium (3-6 weeks),Verified — MX Valid,,"Sequoia, Accel, Lightspeed, Khosla Ventures",GP / Decision Maker,,,,Apply: https://www.canaan.com/pitch,2-3 weeks,14-30 days,,,,,"Best: Q1 (Jan-Mar, new fund year, deploying capital). Avoid: Aug, late Dec (vacation). [Source: industry standard]",Source: Investor's documented medium response time in database,,,,,,5,"ciis, countryline, htw, needle, psymed",5
Jenny Lefcourt,Freestyle Capital,jenny@freestyle.vc,San Francisco,California,United States,VC,"Pre-Seed, Seed","Consumer, SaaS, Health, AI",https://linkedin.com/in/jennylefcourt,https://freestyle.vc,Yes,$250K-$1M,https://freestyle.vc/pitch/,,,,Tier 2,$200M,,Yes,,,,Verified — MX Valid,,"Freestyle Capital, First Round, True Ventures, Floodgate",GP / Decision Maker,,,,Apply: https://freestyle.vc/pitch/,,,,,,,"Best: Q1 (Jan-Mar, new fund year, deploying capital). Avoid: Aug, late Dec (vacation). [Source: industry standard]",,,,,,,5,"ciis, countryline, htw, needle, psymed",5
John Elton,Greycroft,john@greycroft.com,Los Angeles,California,United States,VC,"Seed, Series A, Series B","Consumer, Media, Entertainment, Health, AI",https://linkedin.com/in/johnelton,https://greycroft.com,Yes,$500K-$15M,https://greycroft.com/pitch/,,,,Tier 1,$500M,,Yes,,,Medium (3-6 weeks),Verified — MX Valid,,"Lerer Hippeau, Forerunner, M13, Primary Venture Partners",GP / Decision Maker,,,,Apply: https://greycroft.com/pitch/,2-3 weeks,14-30 days,,,,,"Best: Q1 (Jan-Mar, new fund year, deploying capital). Avoid: Aug, late Dec (vacation). [Source: industry standard]",Source: Investor's documented medium response time in database,,,,,,5,"ciis, countryline, htw, needle, psymed",5
Julia Hawkins,LocalGlobe,julia@localglobe.vc,London,,United States,VC,Seed,"Consumer, Health, AI",https://linkedin.com/in/juliachawkins,https://localglobe.vc,Yes,$250K-$5M,https://www.localglobe.vc/pitch,,None,Not Contacted,,$800M,,Yes,,,,Verified — MX Valid,,"Seedcamp, Index Ventures, Balderton, Passion Capital, Mosaic Ventures",GP / Decision Maker,,,,Apply: https://www.localglobe.vc/pitch,,,,,,,"Best: Q1 (Jan-Mar, new fund year, deploying capital). Avoid: Aug, late Dec (vacation). [Source: industry standard]",,,Medium,,,,5,"ciis, countryline, htw, needle, psymed",5
Kalaari Capital,Kalaari Capital,,Bangalore,,India,VC,Seed / Series A / Series B,Technology / Consumer / Health / Enterprise,https://www.linkedin.com/company/kalaari-capital/,https://www.kalaari.com,Yes,$1M-$10M,https://www.kalaari.com/pitch-to-us/,,,Not Contacted,,$650M,,,,,,,,,,,,,,,,,,,,,,,High,,,,5,"ciis, countryline, htw, needle, psymed",5
Leon Labrecque,Sequoia Family Office,llabrecque@sequoia-financial.com,,Ohio,United States,VC,,"AI, Enterprise, Consumer, Health, Fintech",https://linkedin.com/in/leonlabrecque,https://www.sequoia-financial.com,,,,,None,Not Contacted,,$10B+,"Airbnb, Stripe, DoorDash, Zoom, Unity, Figma, Klarna, Apple, Google, WhatsApp",Yes,,,Medium (3-6 weeks),Verified — MX Valid,,"a16z, Accel, Lightspeed, Tiger Global, Y Combinator, Klarna, Stripe",GP / Decision Maker,,,,,2-3 weeks,14-30 days,,,,"Can't answer 'why now?'; Team not strong enough; Market timing wrong; Incremental idea [Source: Sequoia pitch template, multiple books]",Best: Q1 (Jan-Mar). Note: Moritz largely retired from active Sequoia investing. [Source: industry standard],Source: Known scout → partner → Monday meeting pipeline; published founder accounts,,Medium,,,,5,"ciis, countryline, htw, needle, psymed",5
Mara Babin,Golden Seeds,mbabin@goldenseeds.com,,,,Angel Group,,"Investors in BioTech, Investors in Consumer Health, Investors in Consumer Internet, Investors in Digital Health, Investors in Enterprise Applications, Investors in Enterprise Infrastructure, Investors in Enterprise, Investors in Health & Hospital Services, Investors in Health IT, Investors in Los Angeles / Southern California (Other Lists)",https://www.linkedin.com/in/sandrabrigode/,Homepage - Golden Seeds,,,,,None,Not Contacted,,$100M,"Curious Jane, Hint Water, Little Passports, Mouth Foods",No,,,,Domain Mismatch,Email domain (goldenseeds.com) != fund domain (homepage - golden seeds),,Solo Angel,,,,,,14-30 days,Golden Seeds — angel group focused on women-led companies. Source: goldenseeds.com,,,,"Best: Anytime. Avoid: Holiday weeks (late Dec, early Jan). [Source: general angel pattern]",Source: Angel group for women founders; structured; goldenseeds.com,,Medium,,,,5,"ciis, countryline, htw, needle, psymed",5
Monashees,Monashees,,São Paulo,,Brazil,VC,Pre-Seed / Seed / Series A / Growth,Technology / Consumer / Fintech / Health,https://www.linkedin.com/company/monashees/,https://www.monashees.com.br,Yes,$500K-$30M,https://www.monashees.com.br/get-in-touch,,,Not Contacted,,$1B+,,,,,,,,,,,,,,,,,,,,,,,High,,,,5,"ciis, countryline, htw, needle, psymed",5
Nagi Hamiyeh,Temasek,nagihamiyeh@temasek.com.sg,,,Singapore,VC,,"Enterprise, Consumer, Healthcare, Fintech",https://linkedin.com/in/nagi-hamiyeh-93a215,https://www.temasek.com.sg,,,,,None,Not Contacted,,$300B+,"Alibaba, ByteDance, Sea Limited, Grab, Hive, PayTM, Bitmain",Yes,,,Slow (2-6 months),Verified — MX Valid,,"Sequoia, GIC, Tiger Global, B Capital",GP / Decision Maker,,,Massive Singapore sovereign wealth fund. Very long process (2-6 months). Professional but bureaucratic. Source: temasek.com.sg.,,1 month+,90+ days,,,,,"Best: Q1 (Jan-Mar, new fund year, deploying capital). Avoid: Aug, late Dec (vacation). [Source: industry standard]",Source: Singapore sovereign wealth fund; very long process; temasek.com.sg,,Medium,,,,5,"ciis, countryline, htw, needle, psymed",5
Nathalie Lelong,Eurazeo,nathalie@eurazeo.com,Paris,,France,VC,Growth / Buyout,Healthcare / Consumer,https://www.linkedin.com/in/nathalieleong/,https://www.eurazeo.com,Yes,$5M-$200M,,,,Not Contacted,,$35B+,,,,,,,,,,,,,,,,,,,,,,,High,,,,5,"ciis, countryline, htw, needle, psymed",5
Nick Beim,Venrock,nick@venrock.com,Palo Alto,California,United States,VC,"Seed, Series A, Series B","AI, Health, Consumer, Enterprise",https://linkedin.com/in/nickbeim,https://venrock.com,Yes,$1M-$20M,https://www.venrock.com/pitch/,,,,Tier 1,$3B+,,Yes,,,,Verified — MX Valid,,,GP / Decision Maker,,,,Apply: https://www.venrock.com/pitch/,,,,,,,"Best: Q1 (Jan-Mar, new fund year, deploying capital). Avoid: Aug, late Dec (vacation). [Source: industry standard]",,,,,,,5,"ciis, countryline, htw, needle, psymed",5
Octopus Ventures,Octopus Ventures,,London,,UK,VC,Seed / Series A / Series B,Deep Tech / Health / Fintech / Consumer,https://www.linkedin.com/company/octopus-ventures/,https://octopusventures.com,Yes,$1M-$15M,https://octopusventures.com/pitch/,,,Not Contacted,,$1.3B,,,,,,,,,,,,,,,,,,,,,,,High,,,,5,"ciis, countryline, htw, needle, psymed",5
Octopus Ventures (additional - Alex Sheridan Sheridan),Octopus Ventures,alex@octopusventures.com,London,England,United Kingdom,VC,Seed / Series A,"Health, Consumer, AI",https://linkedin.com/in/alexoctopus,https://octopusventures.com,Yes,$500K-$5M,,,None,Not Contacted,High,$1.3B,,Yes,,,,,,,,Partner,,,,,14-30 days,,,2,LinkedIn,,,Partner at Octopus Ventures. Source: octopusventures.com,Medium,,,,5,"ciis, countryline, htw, needle, psymed",5
Pete Flint,NFX,pete@nfx.com,San Francisco,California,United States,VC,"Pre-Seed, Seed","AI, Consumer, Marketplace, Network Effects, Health",https://linkedin.com/in/peteflint,https://nfx.com,Yes,$250K-$2M,https://signal.nfx.com/,,,,Tier 1,$500M,,Yes,,,Fast (1-2 weeks),Duplicate,Same email in rows: 314,,GP / Decision Maker,,,Focused on companies with network effects — won't invest without a clear network effect. Published taxonomy at nfx.com. Source: nfx.com/post.,Apply: https://signal.nfx.com/,,7-14 days,,,,No network effects — NFX has published taxonomy of network effect types; Not a marketplace or platform [Source: nfx.com/post],"Best: Q1 (Jan-Mar). Reference specific NFX essay relevant to your company. Avoid: Aug, late Dec. [Source: industry standard]",Source: Seed fund; fast decisions; nfx.com,,,,,,5,"ciis, countryline, htw, needle, psymed",5
Rahul Chandra,Kalaari Capital,rahul@kalaari.com,Bangalore,,India,VC,Series A / Series B,Health / Consumer,https://www.linkedin.com/in/rahulchandra/,https://www.kalaari.com,Yes,$1M-$10M,,,,Not Contacted,,$650M,,,,,,,,,,,,,,,,,,,,,,,High,,,,5,"ciis, countryline, htw, needle, psymed",5
Ravi Lambah,Temasek,ravilambah@temasek.com.sg,Singapore,,Singapore,VC,,"Enterprise, Consumer, Healthcare, Fintech",https://linkedin.com/in/ravi-lambah-7b95a7a3,https://www.temasek.com.sg,,,,,None,Not Contacted,,$300B+,"Alibaba, ByteDance, Sea Limited, Grab, Hive, PayTM, Bitmain",Yes,,,Slow (2-6 months),Verified — MX Valid,,"Sequoia, GIC, Tiger Global, B Capital",GP / Decision Maker,,,Massive Singapore sovereign wealth fund. Very long process (2-6 months). Professional but bureaucratic. Source: temasek.com.sg.,,1 month+,90+ days,,,,,"Best: Q1 (Jan-Mar, new fund year, deploying capital). Avoid: Aug, late Dec (vacation). [Source: industry standard]",Source: Singapore sovereign wealth fund; very long process; temasek.com.sg,,Medium,,,,5,"ciis, countryline, htw, needle, psymed",5
Rick Marini,https://www.crunchbase.com/person/rick-marini,rmarini@gmail.com,San Francisco,California,United States,Angel,,"Investors in Consumer Health (Pre-Seed), Investors in Consumer Health (Seed), Investors in Consumer Internet, Investors in Crypto/Web3, Investors in E-commerce, Investors in Games, Investors in Marketplaces, Investors in Media/Content, Investors in San Francisco Bay Area (Other Lists), Investors in SMB Software, Investors in Social Commerce, Investors in Social Networks, Investors in Investors who were founders (Other Lists)",https://www.linkedin.com/in/rickmarini/,https://angel.co/rmarini,,,,,None,Not Contacted,High,,"BranchOut (founder), various consumer/digital media angels",No,,,,Personal Email — MX Valid,,,Solo Angel,,,,,,1-14 days,,,,,"Best: Anytime. Avoid: Holiday weeks (late Dec, early Jan). [Source: general angel pattern]",Source: Typical angel investor timeline based on published seed-stage research,,Medium,,,,5,"ciis, countryline, htw, needle, psymed",5
Saeed Amidi,Plug and Play Tech Center,saeed@plugandplaytechcenter.com,Sunnyvale,California,United States,VC,"Pre-Seed, Seed","AI, Consumer, Health, Enterprise, Fintech, Media",https://linkedin.com/in/saeedamidi,https://plugandplaytechcenter.com,Sometimes,$25K-$500K,https://www.plugandplaytechcenter.com/join/,,,,Tier 2,$200M,,Yes,,,,Verified — MX Valid,,"500 Global, Techstars, various corporate VCs",GP / Decision Maker,,,,Apply: https://www.plugandplaytechcenter.com/join/,,,,,,,"Best: Q1 (Jan-Mar, new fund year, deploying capital). Avoid: Aug, late Dec (vacation). [Source: industry standard]",,,,,,,5,"ciis, countryline, htw, needle, psymed",5
Sandra Malmberg,EQT Ventures,sandra@eqtventures.com,Stockholm,,Sweden,VC,Seed / Series A,Health / Consumer,https://www.linkedin.com/in/sandramalmberg/,https://eqtventures.com,Yes,$1M-$25M,,,,Not Contacted,,$2.6B,,,,,,,,,,,,,,,,,,,,,,,High,,,,5,"ciis, countryline, htw, needle, psymed",5
Shu Nyatta,Soma Capital,shu@somacap.com,San Francisco,California,United States,VC,"Pre-Seed, Seed","AI, Consumer, SaaS, Health, Fintech",https://linkedin.com/in/shunyatta,https://somacap.com,Sometimes,$50K-$250K,https://www.somacap.com/pitch,,,,Tier 2,$1B+,,Yes,,,,Verified — MX Valid,,"Y Combinator, SV Angel, angel syndicates",GP / Decision Maker,,,Deep tech and frontier companies. Source: A Capital thesis.,Apply: https://www.somacap.com/pitch,,14-30 days,,,,,"Best: Q1 (Jan-Mar, new fund year, deploying capital). Avoid: Aug, late Dec (vacation). [Source: industry standard]",Source: Deep tech focus; structured process,,,,,,5,"ciis, countryline, htw, needle, psymed",5
Somesh Dash,IVP (Institutional Venture Partners),somesh@ivp.com,Menlo Park,California,United States,VC,"Series A, Series B, Growth","Consumer, SaaS, AI, Health, Entertainment",https://linkedin.com/in/someshdash,https://ivp.com,,,,,,,Tier 1,$3B+,"Twitter, Snap, Dropbox, Slack, Discord, Coinbase, Netflix, Grammarly",Yes,,,Medium (3-6 weeks),Verified — MX Valid,,"Greylock, Sequoia, Accel, Bessemer, a16z",GP / Decision Maker,,,,,2-3 weeks,14-30 days,,,,,"Best: Q1 (Jan-Mar, new fund year, deploying capital). Avoid: Aug, late Dec (vacation). [Source: industry standard]",Source: Investor's documented medium response time in database,,,,,,5,"ciis, countryline, htw, needle, psymed",5
Thomas Haught,Sequoia Family Office,thaught@sequoia-financial.com,,Ohio,United States,VC,,"AI, Enterprise, Consumer, Health, Fintech",https://linkedin.com/in/thomas-haught-400577125,https://www.sequoia-financial.com,,,,,None,Not Contacted,,$10B+,"Airbnb, Stripe, DoorDash, Zoom, Unity, Figma, Klarna, Apple, Google, WhatsApp",Yes,,,Medium (3-6 weeks),Verified — MX Valid,,"a16z, Accel, Lightspeed, Tiger Global, Y Combinator, Klarna, Stripe",GP / Decision Maker,,,,,2-3 weeks,14-30 days,,,,"Can't answer 'why now?'; Team not strong enough; Market timing wrong; Incremental idea [Source: Sequoia pitch template, multiple books]",Best: Q1 (Jan-Mar). Note: Moritz largely retired from active Sequoia investing. [Source: industry standard],Source: Known scout → partner → Monday meeting pipeline; published founder accounts,,Medium,,,,5,"ciis, countryline, htw, needle, psymed",5
Tom Loverro,IVP (Institutional Venture Partners),tom@ivp.com,Menlo Park,California,United States,VC,"Series A, Series B, Growth","Consumer, SaaS, AI, Health, Entertainment",https://linkedin.com/in/tomloverro,https://ivp.com,,,,,,,Tier 1,$3B+,"Twitter, Snap, Dropbox, Slack, Discord, Coinbase, Netflix, Grammarly",Yes,,,Medium (3-6 weeks),Verified — MX Valid,,"Greylock, Sequoia, Accel, Bessemer, a16z",GP / Decision Maker,,,,,2-3 weeks,14-30 days,,,,,"Best: Q1 (Jan-Mar, new fund year, deploying capital). Avoid: Aug, late Dec (vacation). [Source: industry standard]",Source: Investor's documented medium response time in database,,,,,,5,"ciis, countryline, htw, needle, psymed",5
Vishal Lugani,Acrew Capital,vishal@acrewcapital.com,San Francisco,California,United States,VC,"Seed, Series A","AI, Consumer, Enterprise, Fintech, Health",https://linkedin.com/in/vishallugani,https://acrewcapital.com,Yes,$500K-$10M,https://www.acrewcapital.com/pitch,,,,Tier 2,$800M,,Yes,,,,Verified — MX Valid,,,GP / Decision Maker,,,"Focused on cybersecurity, enterprise SaaS, marketplaces. Backs diverse founders. Source: acrewcapital.com/insights.",Apply: https://www.acrewcapital.com/pitch,,,Theresia Gouw — vocal about backing diverse founders. Source: acrewcapital.com/insights,,,"Not cybersecurity, enterprise SaaS, or marketplace; Not a diverse founder (strong preference) [Source: acrewcapital.com/insights, Twitter]","Best: Q1 (Jan-Mar). Avoid: Aug, late Dec. [Source: industry standard]",,,,,,,5,"ciis, countryline, htw, needle, psymed",5
William Hockey,https://www.crunchbase.com/person/william-hockey,,San Francisco,California,United States,Angel,Early-stage,"Consumer, FinTech, SaaS, Crypto, Healthcare, Creator Economy",https://www.linkedin.com/in/william-hockey-04536710/,http://wi.lli.am/,,,,,None,Not Contacted,Medium,,"Plaid (co-founder), Column (founder)",No,4,"Talks: Plaid founding story, fintech infrastructure",Fast (1-2 weeks),,,"Ribbit Capital, a16z, Sequoia, Plaid alumni angels",Solo Angel,,Co-founded Plaid. He's publicly stated he invests in fintech infrastructure and API companies. He values founders building developer-facing financial tools.,Focused on fintech infrastructure and API companies. Values founders building developer-facing financial tools. Source: Plaid founding story talks.,,1 week,7-14 days,,4,Twitter/X,Not fintech infrastructure/API-focused; Not building developer-facing financial tools [Source: Plaid founding story talks],Best: Anytime — fast angel decisions. Avoid: Holiday weeks. [Source: general angel pattern],Source: Fast angel decisions; Plaid founding story,"Plaid co-founder, Column founder. Respected fintech operator-angel. [Source: General community reputation based on public founder testimonials, blog posts, podcast interviews, and published accounts. Not independently verified.]",Medium,,,,5,"ciis, countryline, htw, needle, psymed",5
Abigail Haines,BrandProject,abigail.haines@brandproject.com,,,,VC,,"Food & Bev, Health, Consumer",https://linkedin.com/in/abigail-haines,https://www.brandproject.com/,,,,,None,Not Contacted,,$100M,,Sometimes,,,,Verified — MX Valid,,,Partner,,,,,,,,,,,"Best: Q1 (Jan-Mar, new fund year, deploying capital). Avoid: Aug, late Dec (vacation). [Source: industry standard]",,,Medium,,,,4,"ciis, countryline, htw, needle, psymed",5
Adam Carson,Point72 Ventures,adam@point72.com,Menlo Park,California,United States,VC,"Seed, Series A, Series B","AI, Health, Fintech, Consumer",https://linkedin.com/in/adamcarson,https://point72.com,Yes,$1M-$15M,,,,,Tier 1,$1B+,,Yes,,,,Verified — MX Valid,,,GP / Decision Maker,,,,,,,,,,,"Best: Q1 (Jan-Mar, new fund year, deploying capital). Avoid: Aug, late Dec (vacation). [Source: industry standard]",,,,,,,4,"ciis, countryline, htw, needle, psymed",5
Alex Gurevich,Alex Gurevich,alex@javelinvp.com,San Francisco,California,United States,Angel,,"Media, Consumer Internet, Analytics, Health and Wellness",https://linkedin.com/in/alexg79,https://www.alexgurevich.com,,,,,None,Not Contacted,High,,,No,,,,Domain Mismatch,Email domain (javelinvp.com) != fund domain (alexgurevich.com),,Solo Angel,,,,,,1-14 days,,,,,"Best: Anytime. Avoid: Holiday weeks (late Dec, early Jan). [Source: general angel pattern]",Source: Typical angel investor timeline based on published seed-stage research,,Medium,,,,4,"ciis, countryline, htw, needle, psymed",5
Andy McLoughlin,https://www.crunchbase.com/person/andy-mcloughlin,andy@founderspledge.com,San Francisco,California,United States,Angel,,"Consumer, Healthcare, Hardware, Marketplace, SaaS",https://www.linkedin.com/in/andymcloughlin/,http://www.andymcloughlin.co/,,,,,None,Not Contacted,Medium,,"Huddle (co-founder), Uncork Capital",No,,,,Domain Mismatch,Email domain (founderspledge.com) != fund domain (andymcloughlin.co),"First Round, True Ventures, SV Angel, Floodgate",Solo Angel,,,,,,1-14 days,,,,,"Best: Anytime. Avoid: Holiday weeks (late Dec, early Jan). [Source: general angel pattern]",Source: Typical angel investor timeline based on published seed-stage research,,Medium,,,,4,"ciis, countryline, htw, needle, psymed",5
Angel Gambino,Angel Gambino,angel.gambino@gmail.com,San Francisco,California,United States,Angel/LP/Emerging Manager,Seed,"Music, ""Neurodiversity (Autism, ADHD, etc)"", Psychedelics, Real Estate, Cannabis, Sports & Fitness, Accessibility Tech, AI (Artificial Intelligence), Animal, Behavioral Health, Alternative Proteins, Climate, Clean Tech, Community, Consumer, Content, Creator Economy, Digital Health, Enterprise, BioTech, EdTech (education technology), Events, FemTech, Fashion Tech, Film, Gaming & Esports, Mental Health Tech, Food & Beverage, Healthcare, Pet Solutions, SaaS, Wellness, Water Solutions, Video Tech, TV, Travel & Tourism, Telemedicine, Streaming, Tech for Good, Social Media, Software, Technology",https://linkedin.com/in/angelgambino,https://AngelGambino.com,No,$25K-$100K,,,None,Not Contacted,High,,,No,,Blog: angelgambino.com | Neurodiversity/impact investing content,,Personal Email — MX Valid,,various neurodiversity/impact angels,Solo Angel,,,,"Events: Angel Club events, Pitch Slam | DMs Open: Twitter/LinkedIn",,1-14 days,Fund thesis includes female/women founders. Source: fund investment thesis,,,,"Best: Anytime. Avoid: Holiday weeks (late Dec, early Jan). [Source: general angel pattern]",Source: Typical angel investor timeline based on published seed-stage research,,Medium,,,,4,"ciis, countryline, htw, needle, psymed",5
Bob Kocher,Venrock,bkocher@venrock.com,,,,Other,Early-stage,"Healthcare, Enterprise, Consumer",,https://www.venrock.com,Yes,$1M-$20M,https://www.venrock.com/pitch/,,None,Not Contacted,,$3B+,,Sometimes,,,,Verified — MX Valid,,,,,,,Apply: https://www.venrock.com/pitch/,,,,,,,,,,Medium,,,,4,"ciis, countryline, htw, needle, psymed",5
Boon Hwee Koh,Altara Ventures,info@altaraventures.com,,,,VC,,"FinTech, Consumer, Enterprise Software, Logistics, Healthcare, EdTech",https://www.linkedin.com/in/kohboonhwee/,https://www.altaraventures.com,,,,,None,Not Contacted,,$50M,,Sometimes,,,,Verified — MX Valid,,,Partner,,,,,,,,,,,"Best: Q1 (Jan-Mar, new fund year, deploying capital). Avoid: Aug, late Dec (vacation). [Source: industry standard]",,,Medium,,,,4,"ciis, countryline, htw, needle, psymed",5
Chiratae Ventures,Chiratae Ventures,,Bangalore,,India,VC,Seed / Series A / Series B / Growth,Technology / Healthcare / Consumer / Enterprise,https://www.linkedin.com/company/chiratae-ventures/,https://www.chiratae.com,Yes,$1M-$20M,,,,Not Contacted,,$1.2B,,,,,,,,,,,,,,,,,,,,,,,High,,,,4,"ciis, countryline, htw, needle, psymed",5
